measurement,metric,label,direction,dependent_variable,predictor_variable,n,selected_p,selected_q,horizon,coefficient,hac_standard_error,ci95_low,ci95_high,p_value
NRC Emotion Lexicon,anger,Anger,COVID-to-climate,climate_anger_score_freq,covid_anger_score_freq,705,2,1,short run,0.143942433803322,0.0505455604468989,0.0448731353274001,0.243011732279244,0.0045356936069835
NRC Emotion Lexicon,anger,Anger,COVID-to-climate,climate_anger_score_freq,covid_anger_score_freq,705,2,1,long run,0.1322650323026268,0.0546687837091964,0.0251142162326016,0.2394158483726519,0.0155466216678378
NRC Emotion Lexicon,anger,Anger,climate-to-COVID,covid_anger_score_freq,climate_anger_score_freq,705,2,1,short run,0.0717927999749304,0.0268544997170416,0.0191579805295287,0.124427619420332,0.0076891438139976
NRC Emotion Lexicon,anger,Anger,climate-to-COVID,covid_anger_score_freq,climate_anger_score_freq,705,2,1,long run,0.1667854304931243,0.1133730587154861,-0.0554257645892285,0.3889966255754772,0.141258532752473
NRC Emotion Lexicon,sadness,Sadness,COVID-to-climate,climate_sadness_score_freq,covid_sadness_score_freq,705,2,1,short run,0.1908989740396154,0.0825377157554795,0.0291250511588755,0.3526728969203553,0.0210278318759058
NRC Emotion Lexicon,sadness,Sadness,COVID-to-climate,climate_sadness_score_freq,covid_sadness_score_freq,705,2,1,long run,0.3142570680543641,0.0991744674828166,0.1198751117880435,0.5086390243206848,0.0015310677904829
NRC Emotion Lexicon,sadness,Sadness,climate-to-COVID,covid_sadness_score_freq,climate_sadness_score_freq,705,3,1,short run,0.0627921080202996,0.0305401286928251,0.0029334557823623,0.1226507602582368,0.0401597534509432
NRC Emotion Lexicon,sadness,Sadness,climate-to-COVID,covid_sadness_score_freq,climate_sadness_score_freq,705,3,1,long run,0.3485664214833517,0.1066539739251876,0.1395246325899839,0.5576082103767196,0.0010823419747386
NRC Emotion Lexicon,fear,Fear,COVID-to-climate,climate_fear_score_freq,covid_fear_score_freq,705,4,1,short run,0.276586648456504,0.1299656958950907,0.0218538845021261,0.5313194124108819,0.0336851328720094
NRC Emotion Lexicon,fear,Fear,COVID-to-climate,climate_fear_score_freq,covid_fear_score_freq,705,4,1,long run,0.289434130727645,0.1415317243272999,0.0120319510461371,0.5668363104091529,0.0408536359858721
NRC Emotion Lexicon,fear,Fear,climate-to-COVID,covid_fear_score_freq,climate_fear_score_freq,705,2,1,short run,0.0245285800139507,0.0113311397172344,0.0023195461681712,0.0467376138597302,0.0307580014434284
NRC Emotion Lexicon,fear,Fear,climate-to-COVID,covid_fear_score_freq,climate_fear_score_freq,705,2,1,long run,0.0556229435509943,0.0608721621412592,-0.0636864942458737,0.1749323813478623,0.3608395440374903
NRC Emotion Lexicon,disgust,Disgust,COVID-to-climate,climate_disgust_score_freq,covid_disgust_score_freq,705,1,1,short run,0.2702185536873406,0.0893318399165652,0.0951281474508727,0.4453089599238086,0.0025810316582823
NRC Emotion Lexicon,disgust,Disgust,COVID-to-climate,climate_disgust_score_freq,covid_disgust_score_freq,705,1,1,long run,0.375340037206567,0.1018987082261036,0.1756185690834038,0.5750615053297301,0.0002300874412292
NRC Emotion Lexicon,disgust,Disgust,climate-to-COVID,covid_disgust_score_freq,climate_disgust_score_freq,705,3,1,short run,0.040880910632985,0.018005824098399,0.0055894954001229,0.0761723258658472,0.0234946236222084
NRC Emotion Lexicon,disgust,Disgust,climate-to-COVID,covid_disgust_score_freq,climate_disgust_score_freq,705,3,1,long run,0.149243303808087,0.0658030798423463,0.020269267317088,0.2782173402990859,0.0233274295220392
NRC Emotion Lexicon,joy,Joy,COVID-to-climate,climate_joy_score_freq,covid_joy_score_freq,705,2,1,short run,0.1848678839098007,0.1508104765373673,-0.1107206501034392,0.4804564179230406,0.2206879443094558
NRC Emotion Lexicon,joy,Joy,COVID-to-climate,climate_joy_score_freq,covid_joy_score_freq,705,2,1,long run,0.051212235173178,0.2246970012562483,-0.3891938872890687,0.4916183576354247,0.8197108745870858
NRC Emotion Lexicon,joy,Joy,climate-to-COVID,covid_joy_score_freq,climate_joy_score_freq,705,3,1,short run,0.0082044227956615,0.0088124993354703,-0.0090680759018602,0.0254769214931833,0.3521857669616435
NRC Emotion Lexicon,joy,Joy,climate-to-COVID,covid_joy_score_freq,climate_joy_score_freq,705,3,1,long run,0.0347114415532572,0.0522948239065019,-0.0677864133034866,0.1372092964100011,0.5068411246090452
NRC Emotion Lexicon,anticipation,Anticipation,COVID-to-climate,climate_anticipation_score_freq,covid_anticipation_score_freq,705,4,1,short run,0.1872242320038947,0.1089961397568377,-0.0264082019195073,0.4008566659272967,0.0863060161430914
NRC Emotion Lexicon,anticipation,Anticipation,COVID-to-climate,climate_anticipation_score_freq,covid_anticipation_score_freq,705,4,1,long run,0.0784662244593464,0.1795270461449409,-0.2734067859847376,0.4303392349034306,0.6620592162210761
NRC Emotion Lexicon,anticipation,Anticipation,climate-to-COVID,covid_anticipation_score_freq,climate_anticipation_score_freq,705,2,1,short run,0.0204857404415916,0.0137132926982802,-0.0063923132470377,0.0473637941302209,0.13567673376856
NRC Emotion Lexicon,anticipation,Anticipation,climate-to-COVID,covid_anticipation_score_freq,climate_anticipation_score_freq,705,2,1,long run,0.0674984894872576,0.0684124925006227,-0.0665899958139629,0.2015869747884782,0.3238192404262277
NRC Emotion Lexicon,trust,Trust,COVID-to-climate,climate_trust_score_freq,covid_trust_score_freq,705,4,1,short run,0.1553403231014229,0.0738943285843306,0.0105074390761348,0.3001732071267109,0.0359049261266286
NRC Emotion Lexicon,trust,Trust,COVID-to-climate,climate_trust_score_freq,covid_trust_score_freq,705,4,1,long run,0.2352676895668461,0.1806131939858286,-0.1187341706453779,0.5892695497790702,0.1927095742171913
NRC Emotion Lexicon,trust,Trust,climate-to-COVID,covid_trust_score_freq,climate_trust_score_freq,705,3,1,short run,0.045486317582482,0.0216843157105788,0.0029850587897475,0.0879875763752165,0.0363048437435109
NRC Emotion Lexicon,trust,Trust,climate-to-COVID,covid_trust_score_freq,climate_trust_score_freq,705,3,1,long run,0.1525344213951514,0.0872825894530336,-0.0185394539327946,0.3236082967230974,0.0805345699252981
NRC Emotion Lexicon,surprise,Surprise,COVID-to-climate,climate_surprise_score_freq,covid_surprise_score_freq,705,2,1,short run,0.1200625917270647,0.0704765530098095,-0.0180714521721619,0.2581966356262914,0.0889167639396214
NRC Emotion Lexicon,surprise,Surprise,COVID-to-climate,climate_surprise_score_freq,covid_surprise_score_freq,705,2,1,long run,0.217879123434271,0.0886195618867073,0.0441847821363245,0.3915734647322174,0.0139484008599095
NRC Emotion Lexicon,surprise,Surprise,climate-to-COVID,covid_surprise_score_freq,climate_surprise_score_freq,705,2,1,short run,0.06464721990037,0.0403455469902248,-0.0144300522004707,0.1437244920012108,0.1095458666216173
NRC Emotion Lexicon,surprise,Surprise,climate-to-COVID,covid_surprise_score_freq,climate_surprise_score_freq,705,2,1,long run,0.2104327456811735,0.1638150844956988,-0.1106448199303961,0.5315103112927432,0.1989408746753102
NRC Emotion Lexicon,negative,Negative emotion,COVID-to-climate,climate_negative_score_freq,covid_negative_score_freq,705,4,1,short run,0.317554258363616,0.1144303847223583,0.0932707043077935,0.5418378124194385,0.0056709824835883
NRC Emotion Lexicon,negative,Negative emotion,COVID-to-climate,climate_negative_score_freq,covid_negative_score_freq,705,4,1,long run,0.4119575727133056,0.1565747549362258,0.1050710530383028,0.7188440923883084,0.0085119010249999
NRC Emotion Lexicon,negative,Negative emotion,climate-to-COVID,covid_negative_score_freq,climate_negative_score_freq,705,2,1,short run,0.03946979715396,0.0140484879503414,0.0119347607712907,0.0670048335366292,0.0051039956352692
NRC Emotion Lexicon,negative,Negative emotion,climate-to-COVID,covid_negative_score_freq,climate_negative_score_freq,705,2,1,long run,0.1132265488804916,0.0556299966375244,0.0041917554709436,0.2222613422900395,0.0418156048403023
NRC Emotion Lexicon,positive,Positive emotion,COVID-to-climate,climate_positive_score_freq,covid_positive_score_freq,705,4,1,short run,0.1279373353785231,0.1150462372151515,-0.097553289563174,0.3534279603202201,0.2665107658964435
NRC Emotion Lexicon,positive,Positive emotion,COVID-to-climate,climate_positive_score_freq,covid_positive_score_freq,705,4,1,long run,0.3317019121120612,0.2638390654491763,-0.1854226561683243,0.8488264803924468,0.2086765046259252
NRC Emotion Lexicon,positive,Positive emotion,climate-to-COVID,covid_positive_score_freq,climate_positive_score_freq,705,2,1,short run,0.0186067273009892,0.013046280929412,-0.0069639833206583,0.0441774379226369,0.1542675312076257
NRC Emotion Lexicon,positive,Positive emotion,climate-to-COVID,covid_positive_score_freq,climate_positive_score_freq,705,2,1,long run,0.0627006331046249,0.0588036965816542,-0.0525546121954174,0.1779558784046673,0.2863014873005786
LIWC-22,emo_anger,Anger,COVID-to-climate,climate_liwc_emo_anger_pct,covid_liwc_emo_anger_pct,705,1,1,short run,0.1727155319875535,0.0949239551474912,-0.0133354201015294,0.3587664840766364,0.0692725337527371
LIWC-22,emo_anger,Anger,COVID-to-climate,climate_liwc_emo_anger_pct,covid_liwc_emo_anger_pct,705,1,1,long run,0.0392291581988153,0.1144373826121956,-0.185068111721088,0.2635264281187188,0.7317487718547744
LIWC-22,emo_anger,Anger,climate-to-COVID,covid_liwc_emo_anger_pct,climate_liwc_emo_anger_pct,705,4,1,short run,0.023355996576556,0.0136705029315338,-0.0034381891692502,0.0501501823223624,0.088002756150989
LIWC-22,emo_anger,Anger,climate-to-COVID,covid_liwc_emo_anger_pct,climate_liwc_emo_anger_pct,705,4,1,long run,0.056224983238639,0.0889205589600391,-0.1180593123230377,0.2305092788003158,0.5271870885287441
LIWC-22,emo_sad,Sadness,COVID-to-climate,climate_liwc_emo_sad_pct,covid_liwc_emo_sad_pct,705,1,1,short run,0.2080178600783643,0.1099544126480445,-0.0074927887118029,0.4235285088685315,0.0589348571570351
LIWC-22,emo_sad,Sadness,COVID-to-climate,climate_liwc_emo_sad_pct,covid_liwc_emo_sad_pct,705,1,1,long run,0.1926153332193929,0.1129294638265348,-0.0287264158806154,0.4139570823194012,0.0880778944732302
LIWC-22,emo_sad,Sadness,climate-to-COVID,covid_liwc_emo_sad_pct,climate_liwc_emo_sad_pct,705,2,1,short run,0.0440338222518262,0.0211936189814106,0.0024943290482612,0.0855733154553912,0.0381129180643918
LIWC-22,emo_sad,Sadness,climate-to-COVID,covid_liwc_emo_sad_pct,climate_liwc_emo_sad_pct,705,2,1,long run,0.1142875081377189,0.0400476190717447,0.0357941747570992,0.1927808415183385,0.0043201032886487
LIWC-22,emo_anx,Anxiety,COVID-to-climate,climate_liwc_emo_anx_pct,covid_liwc_emo_anx_pct,705,1,1,short run,0.2897081434487697,0.1633976273448581,-0.0305512061471521,0.6099674930446917,0.0766720786708781
LIWC-22,emo_anx,Anxiety,COVID-to-climate,climate_liwc_emo_anx_pct,covid_liwc_emo_anx_pct,705,1,1,long run,0.5118052659565404,0.142392786372784,0.2327154046658837,0.7908951272471971,0.0003252396758774
LIWC-22,emo_anx,Anxiety,climate-to-COVID,covid_liwc_emo_anx_pct,climate_liwc_emo_anx_pct,705,3,1,short run,0.0148957737751313,0.0102767751917372,-0.0052467056006737,0.0350382531509363,0.1476715596282124
LIWC-22,emo_anx,Anxiety,climate-to-COVID,covid_liwc_emo_anx_pct,climate_liwc_emo_anx_pct,705,3,1,long run,0.0748881803424681,0.0482171520761256,-0.019617437726738,0.1693937984116743,0.1203887368656036
LIWC-22,emo_neg,Negative emotion,COVID-to-climate,climate_liwc_emo_neg_pct,covid_liwc_emo_neg_pct,705,1,1,short run,0.1092371736626021,0.0727281339544912,-0.0333099688882007,0.2517843162134051,0.1335630355459932
LIWC-22,emo_neg,Negative emotion,COVID-to-climate,climate_liwc_emo_neg_pct,covid_liwc_emo_neg_pct,705,1,1,long run,0.1291346036316797,0.0622522156273606,0.0071202610020528,0.2511489462613066,0.0380442530337573
LIWC-22,emo_neg,Negative emotion,climate-to-COVID,covid_liwc_emo_neg_pct,climate_liwc_emo_neg_pct,705,3,1,short run,0.0261849936595148,0.0198653584155647,-0.0127511088349919,0.0651210961540217,0.1879074914760269
LIWC-22,emo_neg,Negative emotion,climate-to-COVID,covid_liwc_emo_neg_pct,climate_liwc_emo_neg_pct,705,3,1,long run,0.1752251582576113,0.1123327990100741,-0.0449471278021339,0.3953974443173566,0.1187893531125269
LIWC-22,emo_pos,Positive emotion,COVID-to-climate,climate_liwc_emo_pos_pct,covid_liwc_emo_pos_pct,705,1,1,short run,0.0321102221961924,0.2172020246762909,-0.3936057461693377,0.4578261905617227,0.8825162263507196
LIWC-22,emo_pos,Positive emotion,COVID-to-climate,climate_liwc_emo_pos_pct,covid_liwc_emo_pos_pct,705,1,1,long run,-0.227639700985159,0.2166839518104927,-0.6523402465337249,0.1970608445634068,0.2934602781585386
LIWC-22,emo_pos,Positive emotion,climate-to-COVID,covid_liwc_emo_pos_pct,climate_liwc_emo_pos_pct,705,6,1,short run,0.0029138953077292,0.0170085606386838,-0.030422883544091,0.0362506741595495,0.8640240216974082
LIWC-22,emo_pos,Positive emotion,climate-to-COVID,covid_liwc_emo_pos_pct,climate_liwc_emo_pos_pct,705,6,1,long run,-0.001840519031836,0.1101524680346365,-0.2177393563797237,0.2140583183160516,0.9866689015972516
VADER,negative,Negative sentiment,COVID-to-climate,climate_vader_negative_pct,covid_vader_negative_pct,705,2,1,short run,0.2941892890664916,0.0965912624713523,0.1048704146226411,0.4835081635103422,0.0024111778928872
VADER,negative,Negative sentiment,COVID-to-climate,climate_vader_negative_pct,covid_vader_negative_pct,705,2,1,long run,0.2735489780228813,0.0783696766777042,0.119944411734581,0.4271535443111817,0.0004821263253946
VADER,negative,Negative sentiment,climate-to-COVID,covid_vader_negative_pct,climate_vader_negative_pct,705,2,1,short run,0.0506286979701547,0.0173236046871571,0.0166744327833267,0.0845829631569828,0.0035874704934223
VADER,negative,Negative sentiment,climate-to-COVID,covid_vader_negative_pct,climate_vader_negative_pct,705,2,1,long run,0.1939755738748597,0.1218650509666033,-0.0448799260196828,0.4328310737694022,0.1114466456537359
VADER,positive,Positive sentiment,COVID-to-climate,climate_vader_positive_pct,covid_vader_positive_pct,705,4,1,short run,0.0782212932273702,0.1867233236981886,-0.2877564212210795,0.4441990076758199,0.6754107667657445
VADER,positive,Positive sentiment,COVID-to-climate,climate_vader_positive_pct,covid_vader_positive_pct,705,4,1,long run,0.0745476188746173,0.3236756512357535,-0.5598566575474596,0.7089518952966943,0.8178463784087184
VADER,positive,Positive sentiment,climate-to-COVID,covid_vader_positive_pct,climate_vader_positive_pct,705,2,1,short run,0.0025382056592539,0.0106747986300198,-0.018384399655585,0.0234608109740929,0.812126946446075
VADER,positive,Positive sentiment,climate-to-COVID,covid_vader_positive_pct,climate_vader_positive_pct,705,2,1,long run,-0.0076971230545825,0.0477714517522037,-0.1013291684889019,0.0859349223797368,0.8719958094503826
