break_date,measurement,metric,label,direction,n,selected_p_fixed,selected_q_fixed,baseline_short_run,baseline_short_p,short_run,short_run_hac_se,short_run_p_value,baseline_long_run,baseline_long_p,long_run,long_run_hac_se,long_run_p_value,short_run_same_sign,long_run_same_sign,break_level,break_level_p_value,break_slope,break_slope_p_value
2020-06-30,NRC Emotion Lexicon,anger,Anger,COVID-to-climate,705,2,1,0.143942433803322,0.0045356936069835,0.14277464306181764,0.05018458273250298,0.0045754715089912235,0.1322650323026268,0.0155466216678378,0.10216062326519225,0.055128805227444615,0.06386429853892288,True,True,-0.2071753857404717,0.20262924987814812,2.9475359984738216,0.20949297101216557
2020-06-30,NRC Emotion Lexicon,anger,Anger,climate-to-COVID,705,2,1,0.0717927999749304,0.0076891438139976,0.07333563646001519,0.027519877318015633,0.00788639654802576,0.1667854304931243,0.141258532752473,0.1809779581225558,0.1292486874700831,0.16144429634381274,True,True,-0.0996213018718892,0.43509236003501095,-1.675125146785897,0.506043687876385
2020-06-30,NRC Emotion Lexicon,sadness,Sadness,COVID-to-climate,705,2,1,0.1908989740396154,0.0210278318759058,0.19090525625475696,0.08124357104874382,0.01907030623063016,0.3142570680543641,0.0015310677904829,0.29273579380157855,0.09877545517778469,0.0030401469196766253,True,True,-0.061067630795510204,0.7034843565935669,2.490566365871514,0.3270582746719951
2020-06-30,NRC Emotion Lexicon,sadness,Sadness,climate-to-COVID,705,3,1,0.0627921080202996,0.0401597534509432,0.06414904149440491,0.03045337387704303,0.03553174408958849,0.3485664214833517,0.0010823419747386,0.3734457284775916,0.12424978028195915,0.002650532933091433,True,True,0.03827618227278456,0.6724770738511943,-1.0010145544567126,0.5857747568661651
2020-06-30,NRC Emotion Lexicon,fear,Fear,COVID-to-climate,705,4,1,0.276586648456504,0.0336851328720094,0.2712828077942913,0.12913883336376267,0.03603705359296439,0.289434130727645,0.0408536359858721,0.24126551117796538,0.1499279374290038,0.1075704670001975,True,True,-0.30064218450281177,0.03192475179978373,0.10212681384895558,0.9562857897844368
2020-06-30,NRC Emotion Lexicon,fear,Fear,climate-to-COVID,705,2,1,0.0245285800139507,0.0307580014434284,0.02432159223752923,0.011414132580028572,0.03346275987978471,0.0556229435509943,0.3608395440374903,0.051004529621702877,0.06397726887123169,0.425318087022453,True,True,0.008443648898510603,0.8781254023982918,0.4044065231528409,0.7290485563510527
2020-06-30,NRC Emotion Lexicon,disgust,Disgust,COVID-to-climate,705,1,1,0.2702185536873406,0.0025810316582823,0.2404575246933405,0.09010808386384107,0.00780020906246933,0.375340037206567,0.0002300874412292,0.26902159864996683,0.08612558222615892,0.0017865504881675283,True,True,-0.09709832959439854,0.5998060525021456,7.716042750278483,0.006425530328017973
2020-06-30,NRC Emotion Lexicon,disgust,Disgust,climate-to-COVID,705,3,1,0.040880910632985,0.0234946236222084,0.03984899816690329,0.018750739484060013,0.033932312123803356,0.149243303808087,0.0233274295220392,0.1379689602352277,0.07683775397267617,0.07256004245604435,True,True,-0.006087210662317951,0.9332795366718842,0.367339386970078,0.7101032687128555
2020-06-30,NRC Emotion Lexicon,joy,Joy,COVID-to-climate,705,2,1,0.1848678839098007,0.2206879443094558,0.1566237740052805,0.1526710348327222,0.3053095792914887,0.051212235173178,0.8197108745870858,-0.04031725508798448,0.265131604362953,0.8791356165104769,True,False,0.23507283573453236,0.2052705966380599,-0.409178178673893,0.8485839750922369
2020-06-30,NRC Emotion Lexicon,joy,Joy,climate-to-COVID,705,3,1,0.0082044227956615,0.3521857669616435,0.007244948515880349,0.00867072052731159,0.403695022748775,0.0347114415532572,0.5068411246090452,0.021581516286641757,0.03866909324848518,0.5767708854504303,True,True,0.10010886013921629,0.03192025680542383,-1.724598207372113,6.543265357182683e-05
2020-06-30,NRC Emotion Lexicon,anticipation,Anticipation,COVID-to-climate,705,4,1,0.1872242320038947,0.0863060161430914,0.19990179052307297,0.11295364672788315,0.07721714453218327,0.0784662244593464,0.6620592162210761,0.13558258210023236,0.20857006640793424,0.51565493754318,True,True,0.056407468242983504,0.7565987576335613,2.0601080743131326,0.5383676688100962
2020-06-30,NRC Emotion Lexicon,anticipation,Anticipation,climate-to-COVID,705,2,1,0.0204857404415916,0.13567673376856,0.022979998335137492,0.01381490849494234,0.09669114901850383,0.0674984894872576,0.3238192404262277,0.08453723349046802,0.060792897917431574,0.16435359570046382,True,True,0.07760026685400116,0.261612972613864,-1.8534215639509042,0.0035852617510039207
2020-06-30,NRC Emotion Lexicon,trust,Trust,COVID-to-climate,705,4,1,0.1553403231014229,0.0359049261266286,0.17718549330630298,0.07820358778975683,0.023786000945801945,0.2352676895668461,0.1927095742171913,0.3013722968670261,0.18396497210606297,0.10137898260130722,True,True,-0.12356801427787323,0.32504084961066937,-3.8135115062449723,0.018973671730280164
2020-06-30,NRC Emotion Lexicon,trust,Trust,climate-to-COVID,705,3,1,0.045486317582482,0.0363048437435109,0.051777370187011805,0.02260403335994876,0.02229206439796369,0.1525344213951514,0.0805345699252981,0.1746746713214555,0.08047785009138166,0.029971341632555257,True,True,-0.024915385513955113,0.7207190221772195,2.844778532397076,0.0018214179441419602
2020-06-30,NRC Emotion Lexicon,surprise,Surprise,COVID-to-climate,705,2,1,0.1200625917270647,0.0889167639396214,0.14105061720997153,0.07258186344509394,0.05239022824337602,0.217879123434271,0.0139484008599095,0.2628499097716901,0.0929791258879423,0.004698960900455002,True,True,-0.02510404492042613,0.8698710787313406,4.836978264369843,0.059374069376641796
2020-06-30,NRC Emotion Lexicon,surprise,Surprise,climate-to-COVID,705,2,1,0.06464721990037,0.1095458666216173,0.07732298279551701,0.040829205387407,0.05867555634406966,0.2104327456811735,0.1989408746753102,0.26303698500159156,0.14474714006699052,0.06918387034108588,True,True,0.2001176684791386,0.04611400231432618,-5.006492996456818,0.00040356610429486187
2020-06-30,NRC Emotion Lexicon,negative,Negative emotion,COVID-to-climate,705,4,1,0.317554258363616,0.0056709824835883,0.3167201721927377,0.1138008136357464,0.005534643196869362,0.4119575727133056,0.0085119010249999,0.36278714255719857,0.16143389260960841,0.024622144415003166,True,True,-0.08409760352717566,0.6461150424281116,2.2475527836565434,0.33803252034428655
2020-06-30,NRC Emotion Lexicon,negative,Negative emotion,climate-to-COVID,705,2,1,0.03946979715396,0.0051039956352692,0.040137500320337895,0.014093110426853662,0.0045326151979518435,0.1132265488804916,0.0418156048403023,0.12008094331851912,0.0609394562527628,0.048781574517300745,True,True,0.05009290477604566,0.4302012335627319,-0.09752868113893799,0.9298583477759026
2020-06-30,NRC Emotion Lexicon,positive,Positive emotion,COVID-to-climate,705,4,1,0.1279373353785231,0.2665107658964435,0.13274268985002374,0.11476354949799154,0.24781947301411802,0.3317019121120612,0.2086765046259252,0.3209722953857892,0.26006175204759463,0.21712254146115428,True,True,0.03989132752912117,0.7976089021089111,-2.9842693771625983,0.1534520622723758
2020-06-30,NRC Emotion Lexicon,positive,Positive emotion,climate-to-COVID,705,2,1,0.0186067273009892,0.1542675312076257,0.019448352812010978,0.013057973338318169,0.13685164360994853,0.0627006331046249,0.2863014873005786,0.06750492903802469,0.0587444203361881,0.2505027074246423,True,True,0.06853568955133685,0.09662108232728317,0.7827916534476761,0.07367460341592925
2020-06-30,LIWC-22,emo_anger,Anger,COVID-to-climate,705,1,1,0.1727155319875535,0.0692725337527371,0.14408722010887004,0.09701816374706457,0.13796698358316967,0.0392291581988153,0.7317487718547744,-0.02547300779784154,0.12338339312260208,0.8364362126042382,True,False,-0.528888955709783,0.01534208759453077,-2.988915648088181,0.22407442539960112
2020-06-30,LIWC-22,emo_anger,Anger,climate-to-COVID,705,4,1,0.023355996576556,0.088002756150989,0.021004604566420528,0.013950003523236798,0.13261044593364235,0.056224983238639,0.5271870885287441,0.03212354351722812,0.09021306301131503,0.7217767029317844,True,True,-0.09297914661403503,0.15138982022678646,-2.5017185657959744,0.056029166695672546
2020-06-30,LIWC-22,emo_sad,Sadness,COVID-to-climate,705,1,1,0.2080178600783643,0.0589348571570351,0.21162842915917776,0.11076020443903153,0.05646591083279016,0.1926153332193929,0.0880778944732302,0.197537264835904,0.11076244152668528,0.07451603416093033,True,True,-0.30725654526208074,0.24693738139088953,-1.5063939897301453,0.5919145924403841
2020-06-30,LIWC-22,emo_sad,Sadness,climate-to-COVID,705,2,1,0.0440338222518262,0.0381129180643918,0.04333013830877469,0.020790854372366017,0.03752580100404197,0.1142875081377189,0.0043201032886487,0.1115911532102272,0.03571841560516205,0.0017829466887054194,True,True,0.17046458549645938,0.0952056086786072,-2.8041442183095926,0.012558017950608591
2020-06-30,LIWC-22,emo_anx,Anxiety,COVID-to-climate,705,1,1,0.2897081434487697,0.0766720786708781,0.2983703154530848,0.16260015115619444,0.06694449360948067,0.5118052659565404,0.0003252396758774,0.5030031972923118,0.14174991142526458,0.0003873942579444587,True,True,0.01342133303742588,0.9450325994053281,3.102105928318085,0.055080882591719144
2020-06-30,LIWC-22,emo_anx,Anxiety,climate-to-COVID,705,3,1,0.0148957737751313,0.1476715596282124,0.015659272072530907,0.010297972541341674,0.12882355787598226,0.0748881803424681,0.1203887368656036,0.08389077309028761,0.05102112142971903,0.10012742912991408,True,True,-0.0006441160320805903,0.9876687917405464,-0.9647488277081953,0.12231145904084112
2020-06-30,LIWC-22,emo_neg,Negative emotion,COVID-to-climate,705,1,1,0.1092371736626021,0.1335630355459932,0.10993641751788111,0.0738346541795581,0.13696441619959568,0.1291346036316797,0.0380442530337573,0.12806517909124004,0.06290011820545462,0.04174949572178143,True,True,-0.15404826395378288,0.5388676810746499,0.03212634201045514,0.9907047650947949
2020-06-30,LIWC-22,emo_neg,Negative emotion,climate-to-COVID,705,3,1,0.0261849936595148,0.1879074914760269,0.025666461572007755,0.019479412469993806,0.18807729224306832,0.1752251582576113,0.1187893531125269,0.18928685814044954,0.11024489226231847,0.08598517484296932,True,True,-0.0970899488995245,0.266324812984131,-4.592102329874954,0.0011398621756653561
2020-06-30,LIWC-22,emo_pos,Positive emotion,COVID-to-climate,705,1,1,0.0321102221961924,0.8825162263507196,0.05866369871274032,0.22875102438560457,0.7976794967266262,-0.227639700985159,0.2934602781585386,-0.1642057842939958,0.26729677885273867,0.5390038218658011,True,True,-0.17742516380184434,0.406525666736981,0.8835993107653601,0.7241058424090809
2020-06-30,LIWC-22,emo_pos,Positive emotion,climate-to-COVID,705,6,1,0.0029138953077292,0.8640240216974082,0.0037950973812487954,0.017110260829378374,0.8245349754174286,-0.001840519031836,0.9866689015972516,0.0027933816144497955,0.06925878593175282,0.9678280248252291,True,False,0.12164726112987559,0.05543911904532725,-2.6377518635586923,7.156079058248938e-05
2020-06-30,VADER,negative,Negative sentiment,COVID-to-climate,705,2,1,0.2941892890664916,0.0024111778928872,0.28853374844709334,0.09910164655481982,0.003715348965616197,0.2735489780228813,0.0004821263253946,0.19130867322718167,0.0814021861344822,0.01876502597851693,True,True,-0.2837923969505616,0.04963584474532009,2.0951819637372484,0.3928664719895295
2020-06-30,VADER,negative,Negative sentiment,climate-to-COVID,705,2,1,0.0506286979701547,0.0035874704934223,0.050735618133048645,0.01818791653051841,0.0054270045261508365,0.1939755738748597,0.1114466456537359,0.20633348264078372,0.16384047919154274,0.20790179191282254,True,True,-0.08996041934686153,0.15922135063668696,-1.1110511088353239,0.5337166751982628
2020-06-30,VADER,positive,Positive sentiment,COVID-to-climate,705,4,1,0.0782212932273702,0.6754107667657445,0.09344448477256918,0.20041144522022458,0.6411775362808245,0.0745476188746173,0.8178463784087184,0.13374092165346976,0.451037697789079,0.7668343101048121,True,True,0.10941658875170011,0.5306131501146566,1.4483624168714415,0.5094245821733333
2020-06-30,VADER,positive,Positive sentiment,climate-to-COVID,705,2,1,0.0025382056592539,0.812126946446075,0.003770084795209847,0.010819080704410207,0.7275983688667742,-0.0076971230545825,0.8719958094503826,0.0004595265917825785,0.03434884996563212,0.9893260404185601,True,False,0.11332448828193399,0.004839253849902205,-2.4966149272988667,1.1113993871003449e-07
2020-09-30,NRC Emotion Lexicon,anger,Anger,COVID-to-climate,705,2,1,0.143942433803322,0.0045356936069835,0.13833952190468554,0.049743693854482136,0.005569088375224931,0.1322650323026268,0.0155466216678378,0.08510039460839469,0.056093775075972165,0.12923906014378683,True,True,0.01520530142956361,0.9073607129693463,2.1300834701560865,0.011043121165099774
2020-09-30,NRC Emotion Lexicon,anger,Anger,climate-to-COVID,705,2,1,0.0717927999749304,0.0076891438139976,0.07179197905152566,0.0280739109617041,0.010767212148643637,0.1667854304931243,0.141258532752473,0.16428620505596428,0.13643740193480647,0.22854546494807182,True,True,0.15709485366022893,0.34777714204533994,0.42275411732441875,0.708078817345821
2020-09-30,NRC Emotion Lexicon,sadness,Sadness,COVID-to-climate,705,2,1,0.1908989740396154,0.0210278318759058,0.18577488917359258,0.0825689786641632,0.024773394136319852,0.3142570680543641,0.0015310677904829,0.2752211169170878,0.10037794616319365,0.006109452073600375,True,True,-0.009774196215242293,0.9524342611346333,1.5707461083080743,0.12303205528469638
2020-09-30,NRC Emotion Lexicon,sadness,Sadness,climate-to-COVID,705,3,1,0.0627921080202996,0.0401597534509432,0.06250107150528147,0.03059827489018899,0.041476107418394165,0.3485664214833517,0.0010823419747386,0.3365620498850507,0.11642356576674603,0.0038421211089429332,True,True,0.18122597548797864,0.10750978674414145,0.5878338637470034,0.39147026505195626
2020-09-30,NRC Emotion Lexicon,fear,Fear,COVID-to-climate,705,4,1,0.276586648456504,0.0336851328720094,0.28625270376524403,0.12957723257810494,0.027500823402488207,0.289434130727645,0.0408536359858721,0.26900913902475515,0.16086614857252363,0.09447414991817253,True,True,-0.2710791454964522,0.22108381649556186,0.22554447394388835,0.815937056817206
2020-09-30,NRC Emotion Lexicon,fear,Fear,climate-to-COVID,705,2,1,0.0245285800139507,0.0307580014434284,0.025986298560701674,0.011147423177905782,0.020038174336963515,0.0556229435509943,0.3608395440374903,0.062334385480922454,0.058128910569038676,0.2835640290272471,True,True,0.13291861467813368,0.02055897766761501,0.480741080209013,0.19510836648288887
2020-09-30,NRC Emotion Lexicon,disgust,Disgust,COVID-to-climate,705,1,1,0.2702185536873406,0.0025810316582823,0.240954010098077,0.0905207613866558,0.007955061146081622,0.375340037206567,0.0002300874412292,0.273783013200273,0.08892863619449101,0.0020791831689504626,True,True,-0.018715362552429542,0.9234819598013115,3.265873265227218,0.009712947465809791
2020-09-30,NRC Emotion Lexicon,disgust,Disgust,climate-to-COVID,705,3,1,0.040880910632985,0.0234946236222084,0.039130440662825956,0.018790361570564396,0.03767461537073084,0.149243303808087,0.0233274295220392,0.12137893063686381,0.06576723095849404,0.06495267242896442,True,True,0.25994170658146676,0.01766142672282921,0.9922210870657325,0.01501603966004367
2020-09-30,NRC Emotion Lexicon,joy,Joy,COVID-to-climate,705,2,1,0.1848678839098007,0.2206879443094558,0.1971903347959265,0.15794915622894068,0.2123008588587222,0.051212235173178,0.8197108745870858,0.0970910273652072,0.2890580305588416,0.7369555780021344,True,True,0.4236708443387695,0.21915628512388421,0.5815237720389549,0.6862773436716998
2020-09-30,NRC Emotion Lexicon,joy,Joy,climate-to-COVID,705,3,1,0.0082044227956615,0.3521857669616435,0.00916595422807185,0.009005958916662603,0.3091535236978113,0.0347114415532572,0.5068411246090452,0.03593232551955476,0.04246945106555017,0.3975111070264785,True,True,-0.11295308320109346,0.03462268249362527,-0.9387045461581218,6.425490964626604e-05
2020-09-30,NRC Emotion Lexicon,anticipation,Anticipation,COVID-to-climate,705,4,1,0.1872242320038947,0.0863060161430914,0.22100297512506092,0.11053684526268671,0.04596978026481567,0.0784662244593464,0.6620592162210761,0.20218283679549218,0.19243961287271524,0.2934285419582079,True,True,0.5425293516399063,0.047243777415133546,1.989228594137019,0.18683735526669157
2020-09-30,NRC Emotion Lexicon,anticipation,Anticipation,climate-to-COVID,705,2,1,0.0204857404415916,0.13567673376856,0.025463208331312055,0.013703995588089489,0.06359063072125691,0.0674984894872576,0.3238192404262277,0.10223277246153739,0.06161878309677869,0.09709221205491295,True,True,-0.18483040573551687,0.023493241854468074,-1.1471594750642138,0.00016766514428183607
2020-09-30,NRC Emotion Lexicon,trust,Trust,COVID-to-climate,705,4,1,0.1553403231014229,0.0359049261266286,0.16935731688608333,0.0773271654694951,0.028855511215882965,0.2352676895668461,0.1927095742171913,0.2871496325480112,0.18538517889995043,0.1213972937438357,True,True,0.16617636421944315,0.34059042637715453,-0.8574308081684126,0.30480749201618995
2020-09-30,NRC Emotion Lexicon,trust,Trust,climate-to-COVID,705,3,1,0.045486317582482,0.0363048437435109,0.04644985594949708,0.022014644194956575,0.03522932153687584,0.1525344213951514,0.0805345699252981,0.12342572941508553,0.06846474610857406,0.07142540124597027,True,True,0.3638583986384821,0.0004696920844575259,2.3502411733663093,4.1762125140118454e-07
2020-09-30,NRC Emotion Lexicon,surprise,Surprise,COVID-to-climate,705,2,1,0.1200625917270647,0.0889167639396214,0.13548082107940526,0.07142010604534967,0.05825903801920204,0.217879123434271,0.0139484008599095,0.25317819343469,0.09159344094216104,0.0057070946255349,True,True,0.13784400658140902,0.4636531370689527,2.1066363458735005,0.028895951472989626
2020-09-30,NRC Emotion Lexicon,surprise,Surprise,climate-to-COVID,705,2,1,0.06464721990037,0.1095458666216173,0.0740113386062553,0.04016616888210607,0.06582028936818905,0.2104327456811735,0.1989408746753102,0.24921780652847475,0.14597453340586913,0.08777205143206264,True,True,0.055937529026329084,0.7823609186872669,-1.7887520286211587,0.00035850585979665034
2020-09-30,NRC Emotion Lexicon,negative,Negative emotion,COVID-to-climate,705,4,1,0.317554258363616,0.0056709824835883,0.3196678404373315,0.11361029505564404,0.005039685979643398,0.4119575727133056,0.0085119010249999,0.3520506753522626,0.1486245543877082,0.017849526952348246,True,True,-0.04596758649703834,0.7677298159640784,1.688998032416318,0.05079104891951085
2020-09-30,NRC Emotion Lexicon,negative,Negative emotion,climate-to-COVID,705,2,1,0.03946979715396,0.0051039956352692,0.04055679708123509,0.01403034170685624,0.003967602842806303,0.1132265488804916,0.0418156048403023,0.1181325594577022,0.05747400357462229,0.03983955850803748,True,True,0.15833009903566472,0.030279301392964315,0.351781415721243,0.36147287449647336
2020-09-30,NRC Emotion Lexicon,positive,Positive emotion,COVID-to-climate,705,4,1,0.1279373353785231,0.2665107658964435,0.11368679141793281,0.11077875409092172,0.3051409735596861,0.3317019121120612,0.2086765046259252,0.25648015206489716,0.24371480062676848,0.29262604972779926,True,True,0.09213616361311622,0.6748077177053786,-0.7270960621785556,0.489988088812214
2020-09-30,NRC Emotion Lexicon,positive,Positive emotion,climate-to-COVID,705,2,1,0.0186067273009892,0.1542675312076257,0.016570726478255207,0.012487072416980334,0.1849459590393455,0.0627006331046249,0.2863014873005786,0.04121485920447362,0.050143181375326244,0.4111090856566003,True,True,0.1861740305021134,0.003479749236659755,0.3239173249085887,0.06847538524019248
2020-09-30,LIWC-22,emo_anger,Anger,COVID-to-climate,705,1,1,0.1727155319875535,0.0692725337527371,0.17719421661235316,0.09218409857295155,0.05500214315634333,0.0392291581988153,0.7317487718547744,0.01942306841725348,0.12139627776027662,0.8728832546695829,True,True,-0.266886389324354,0.2689587532426825,1.286810626235373,0.27495818811863837
2020-09-30,LIWC-22,emo_anger,Anger,climate-to-COVID,705,4,1,0.023355996576556,0.088002756150989,0.026100750880736656,0.013605017565199507,0.055473571015526725,0.056224983238639,0.5271870885287441,0.0858828765492728,0.09842767552005884,0.3829094659024964,True,True,0.04411498480024823,0.6241153501590226,-0.4744997405042304,0.45781339176370306
2020-09-30,LIWC-22,emo_sad,Sadness,COVID-to-climate,705,1,1,0.2080178600783643,0.0589348571570351,0.2055616012298773,0.11168450087025265,0.06612344946361923,0.1926153332193929,0.0880778944732302,0.18864804840633084,0.11133292175054128,0.0901798407793981,True,True,0.07128993577792167,0.7697026201939027,-0.11800204293378176,0.9248176617285122
2020-09-30,LIWC-22,emo_sad,Sadness,climate-to-COVID,705,2,1,0.0440338222518262,0.0381129180643918,0.041240354237830054,0.020717069694233516,0.04692141889950938,0.1142875081377189,0.0043201032886487,0.10274487436160794,0.03441813935233234,0.002833971453157756,True,True,-0.25507976112330016,0.00790273485804077,-2.203894493350741,1.954312509897709e-08
2020-09-30,LIWC-22,emo_anx,Anxiety,COVID-to-climate,705,1,1,0.2897081434487697,0.0766720786708781,0.301948490481158,0.1713213205036673,0.07844064411271597,0.5118052659565404,0.0003252396758774,0.5193576635156238,0.1575199037870229,0.0009769138764358998,True,True,0.18228113190470766,0.42285179501161463,1.613324703251338,0.07191914601719633
2020-09-30,LIWC-22,emo_anx,Anxiety,climate-to-COVID,705,3,1,0.0148957737751313,0.1476715596282124,0.01586852347098295,0.010617347516863785,0.13548953563580726,0.0748881803424681,0.1203887368656036,0.07921315977414338,0.0474070308005107,0.09473829781300214,True,True,0.05827290869517862,0.2973129345975406,-0.3752856357244057,0.033667450856037374
2020-09-30,LIWC-22,emo_neg,Negative emotion,COVID-to-climate,705,1,1,0.1092371736626021,0.1335630355459932,0.12143306245849271,0.07457261443363962,0.10390743700765594,0.1291346036316797,0.0380442530337573,0.13859108932976366,0.0710932594808569,0.05124450346343929,True,True,0.021625982323798112,0.9249132230309591,1.6537731428006515,0.12921843959291635
2020-09-30,LIWC-22,emo_neg,Negative emotion,climate-to-COVID,705,3,1,0.0261849936595148,0.1879074914760269,0.029793654685374812,0.020141748067575228,0.13955294756420664,0.1752251582576113,0.1187893531125269,0.20642860443790353,0.1102754687282332,0.0612154776230493,True,True,0.07540124482565448,0.5806570042762768,-1.0823661258513366,0.06524589057919677
2020-09-30,LIWC-22,emo_pos,Positive emotion,COVID-to-climate,705,1,1,0.0321102221961924,0.8825162263507196,0.06531574828004359,0.233877419695624,0.7801201659178827,-0.227639700985159,0.2934602781585386,-0.14636571172205068,0.29186236788446385,0.6160271507653334,True,True,0.37998344738683193,0.39109364025408744,1.3686001968390191,0.45429710325451456
2020-09-30,LIWC-22,emo_pos,Positive emotion,climate-to-COVID,705,6,1,0.0029138953077292,0.8640240216974082,0.004177497206366054,0.01736812698148607,0.8099952642899538,-0.001840519031836,0.9866689015972516,0.0048144285771520275,0.0627937975291124,0.9388857145385988,True,False,-0.18922970244056334,0.014239303326214035,-1.9270183671972132,8.837627447071751e-07
2020-09-30,VADER,negative,Negative sentiment,COVID-to-climate,705,2,1,0.2941892890664916,0.0024111778928872,0.29872631137971234,0.09643953954112502,0.002031963583878254,0.2735489780228813,0.0004821263253946,0.2322677100722699,0.0815353719908698,0.004390181291221094,True,True,-0.2558637733725812,0.17067884758936178,0.8388881689177897,0.41252122141875047
2020-09-30,VADER,negative,Negative sentiment,climate-to-COVID,705,2,1,0.0506286979701547,0.0035874704934223,0.052408613421130124,0.01804515604007641,0.003800655003064959,0.1939755738748597,0.1114466456537359,0.2126441157901808,0.15481341717869762,0.16958113433255972,True,True,0.10229828231542878,0.31398488890212034,0.1436047806263793,0.8525146150689548
2020-09-30,VADER,positive,Positive sentiment,COVID-to-climate,705,4,1,0.0782212932273702,0.6754107667657445,0.10945534153743205,0.1913852331772612,0.5675725972347059,0.0745476188746173,0.8178463784087184,0.1844809301804244,0.3794576055508238,0.6268465909238259,True,True,0.5236929356427982,0.08020400744124016,1.7332891900996164,0.1529360226191605
2020-09-30,VADER,positive,Positive sentiment,climate-to-COVID,705,2,1,0.0025382056592539,0.812126946446075,0.005188266631919314,0.010462415576870984,0.6201289605518052,-0.0076971230545825,0.8719958094503826,0.009242168324400984,0.034646885849907834,0.7896591753080653,True,False,-0.04150134609865486,0.34881111408572296,-1.2258561927256004,8.793740605214984e-08
2020-12-31,NRC Emotion Lexicon,anger,Anger,COVID-to-climate,705,2,1,0.143942433803322,0.0045356936069835,0.14715708049372453,0.05102586285226186,0.004051669272388056,0.1322650323026268,0.0155466216678378,0.10856240641488457,0.0580407349162553,0.06142108214287245,True,True,0.6031136044964794,0.0380839263844133,1.6770120188695272,0.002797047147587613
2020-12-31,NRC Emotion Lexicon,anger,Anger,climate-to-COVID,705,2,1,0.0717927999749304,0.0076891438139976,0.07682461954661239,0.02812521854912561,0.006468528859432146,0.1667854304931243,0.141258532752473,0.20792810206907927,0.1364425937029309,0.12752777263291476,True,True,-0.3522882836993287,0.10153622166896624,-0.39619630023939617,0.3636651119221085
2020-12-31,NRC Emotion Lexicon,sadness,Sadness,COVID-to-climate,705,2,1,0.1908989740396154,0.0210278318759058,0.1902589573975913,0.08275054660210113,0.021797926805731015,0.3142570680543641,0.0015310677904829,0.2926559820253575,0.09786208394730073,0.002785265344119885,True,True,0.053613151843593526,0.8591278403540121,0.8941965034082542,0.0951383108630173
2020-12-31,NRC Emotion Lexicon,sadness,Sadness,climate-to-COVID,705,3,1,0.0627921080202996,0.0401597534509432,0.06325802785625222,0.03084205113385462,0.040648774733282,0.3485664214833517,0.0010823419747386,0.3532796773497786,0.11524651117593113,0.002173599967677654,True,True,-0.3915517820467306,0.051212793421058715,-0.28531702266694314,0.3120543111903644
2020-12-31,NRC Emotion Lexicon,fear,Fear,COVID-to-climate,705,4,1,0.276586648456504,0.0336851328720094,0.2734833896550618,0.12999791170614727,0.03576944670448001,0.289434130727645,0.0408536359858721,0.22905929593978122,0.13841815414887224,0.09795784055149513,True,True,-0.14363635221389642,0.6727436180053057,0.6949408187682686,0.10804595516725819
2020-12-31,NRC Emotion Lexicon,fear,Fear,climate-to-COVID,705,2,1,0.0245285800139507,0.0307580014434284,0.024510909452025775,0.011326304930832537,0.030808015924774494,0.0556229435509943,0.3608395440374903,0.05563757755877627,0.0667256190444763,0.404378859904318,True,True,-0.1671245186533404,0.026102392929205232,-0.16546849101142946,0.2276162486726572
2020-12-31,NRC Emotion Lexicon,disgust,Disgust,COVID-to-climate,705,1,1,0.2702185536873406,0.0025810316582823,0.2596497828554571,0.09154212512467741,0.004698711589925046,0.375340037206567,0.0002300874412292,0.323979655359419,0.09474034451477624,0.000626997185279732,True,True,-0.03031062646513229,0.9223473684846776,1.9081439919612753,0.0031717215896744054
2020-12-31,NRC Emotion Lexicon,disgust,Disgust,climate-to-COVID,705,3,1,0.040880910632985,0.0234946236222084,0.04092308882969616,0.018627449702343712,0.02836454959652759,0.149243303808087,0.0233274295220392,0.1444513257225035,0.06700530320468347,0.03109777798499972,True,True,-0.4740475111023266,0.009058851899855952,-0.26719327002999355,0.19369734614049824
2020-12-31,NRC Emotion Lexicon,joy,Joy,COVID-to-climate,705,2,1,0.1848678839098007,0.2206879443094558,0.14740822804063167,0.15079179586365796,0.32864051429864394,0.051212235173178,0.8197108745870858,-0.07639889741339645,0.23717239765004933,0.7473588338287616,True,False,0.233361639838616,0.4957458904382186,-0.9799825114930837,0.07111709318487434
2020-12-31,NRC Emotion Lexicon,joy,Joy,climate-to-COVID,705,3,1,0.0082044227956615,0.3521857669616435,0.0068123697044258445,0.008793374710441003,0.43877827096443656,0.0347114415532572,0.5068411246090452,0.021752584120447258,0.0478363308098983,0.6493039554387385,True,True,0.03598116197444298,0.6714792035693851,-0.2710160849927103,0.043345572044472265
2020-12-31,NRC Emotion Lexicon,anticipation,Anticipation,COVID-to-climate,705,4,1,0.1872242320038947,0.0863060161430914,0.17665813786132792,0.10858206576661315,0.10421334037222,0.0784662244593464,0.6620592162210761,0.03765160328674494,0.1837839406307081,0.8376745985370794,True,True,0.4527019906901228,0.1626026643017913,-0.04260501258485787,0.9435805937786678
2020-12-31,NRC Emotion Lexicon,anticipation,Anticipation,climate-to-COVID,705,2,1,0.0204857404415916,0.13567673376856,0.019276184251591565,0.01362450079980888,0.15758173968990255,0.0674984894872576,0.3238192404262277,0.05429098470725993,0.06421282180780515,0.3978400427776113,True,True,0.22289252607943738,0.07909927289380152,-0.08991608955231942,0.5892267701900782
2020-12-31,NRC Emotion Lexicon,trust,Trust,COVID-to-climate,705,4,1,0.1553403231014229,0.0359049261266286,0.17346406084506938,0.07417818040269872,0.019653445294796963,0.2352676895668461,0.1927095742171913,0.30231356397120346,0.17649102787588364,0.08672876736459592,True,True,0.6354800610648319,0.059796671382147816,-0.6437055561639783,0.12930160847165803
2020-12-31,NRC Emotion Lexicon,trust,Trust,climate-to-COVID,705,3,1,0.045486317582482,0.0363048437435109,0.04995760496861651,0.022324053189581455,0.025556585750343228,0.1525344213951514,0.0805345699252981,0.16689466056933558,0.08520880757813155,0.050153198885359025,True,True,-0.05734893791584687,0.6480466306075512,0.41641383536846305,0.1233266138587132
2020-12-31,NRC Emotion Lexicon,surprise,Surprise,COVID-to-climate,705,2,1,0.1200625917270647,0.0889167639396214,0.13160030860993246,0.07140449105210364,0.06576224559356898,0.217879123434271,0.0139484008599095,0.24077709808224299,0.09230705258683349,0.009095684867633125,True,True,0.4732696169617054,0.1526411005249418,1.2944224330676268,0.017871741483030917
2020-12-31,NRC Emotion Lexicon,surprise,Surprise,climate-to-COVID,705,2,1,0.06464721990037,0.1095458666216173,0.07214446461625117,0.04044475693190299,0.07490758695029769,0.2104327456811735,0.1989408746753102,0.24343905973953728,0.15178000913723128,0.10873739960860991,True,True,0.007798222861155012,0.9737013643066893,-1.074904305610525,0.0026908967331623645
2020-12-31,NRC Emotion Lexicon,negative,Negative emotion,COVID-to-climate,705,4,1,0.317554258363616,0.0056709824835883,0.32828501637633645,0.11538287606813592,0.004573182433847338,0.4119575727133056,0.0085119010249999,0.3914369550859224,0.15122703735081852,0.00964212886753106,True,True,0.06155805282535459,0.841168342154592,1.0832221465188518,0.046333115519398636
2020-12-31,NRC Emotion Lexicon,negative,Negative emotion,climate-to-COVID,705,2,1,0.03946979715396,0.0051039956352692,0.0411771550234936,0.014125570039975962,0.0036734516484952465,0.1132265488804916,0.0418156048403023,0.12735535172015022,0.05670315540953465,0.024703934853723016,True,True,-0.3111628453414075,0.004895708313917668,-0.34490149360251326,0.02579593120860752
2020-12-31,NRC Emotion Lexicon,positive,Positive emotion,COVID-to-climate,705,4,1,0.1279373353785231,0.2665107658964435,0.11241746133861964,0.11623801017093222,0.3338245954830962,0.3317019121120612,0.2086765046259252,0.2568599311314725,0.27309446556235145,0.34693376640236495,True,True,0.3691584130199578,0.18542621119377034,-0.5575600648739042,0.2629505304923262
2020-12-31,NRC Emotion Lexicon,positive,Positive emotion,climate-to-COVID,705,2,1,0.0186067273009892,0.1542675312076257,0.016515668766007234,0.01305729204008555,0.20635612313203705,0.0627006331046249,0.2863014873005786,0.041450954367717695,0.05135525835864904,0.41958503105983946,True,True,-0.1307091346690897,0.23818760785946635,-0.5042321957425214,0.010731513796561933
2020-12-31,LIWC-22,emo_anger,Anger,COVID-to-climate,705,1,1,0.1727155319875535,0.0692725337527371,0.17527023985420134,0.09140982234408654,0.05560557185670579,0.0392291581988153,0.7317487718547744,0.012918338459113528,0.11696359790349586,0.9120544739400339,True,True,-0.4575083413911458,0.3194612572936462,1.265613844672724,0.04063880952203791
2020-12-31,LIWC-22,emo_anger,Anger,climate-to-COVID,705,4,1,0.023355996576556,0.088002756150989,0.025953520699531017,0.013614455251578785,0.057032990018678245,0.056224983238639,0.5271870885287441,0.0823317745782309,0.09610141948875299,0.3916009907184038,True,True,-0.11850607088562809,0.24287238254139118,-0.5373612775454791,0.023504090298119718
2020-12-31,LIWC-22,emo_sad,Sadness,COVID-to-climate,705,1,1,0.2080178600783643,0.0589348571570351,0.20235538915893447,0.10881877230801291,0.06338028426311665,0.1926153332193929,0.0880778944732302,0.1793816458823397,0.10782041645585702,0.09617087752041367,True,True,-0.8435536332536546,0.02963173309138472,-0.6231580190927734,0.3369580652686929
2020-12-31,LIWC-22,emo_sad,Sadness,climate-to-COVID,705,2,1,0.0440338222518262,0.0381129180643918,0.04217640031534034,0.020589819582860696,0.040904937224324686,0.1142875081377189,0.0043201032886487,0.1065899335581998,0.03582487904480877,0.002926975909547474,True,True,0.0285015485257352,0.8521168768220384,-0.8470827514531444,0.0012550656998649209
2020-12-31,LIWC-22,emo_anx,Anxiety,COVID-to-climate,705,1,1,0.2897081434487697,0.0766720786708781,0.30540991721048105,0.1735786907046056,0.07894534467972401,0.5118052659565404,0.0003252396758774,0.5412847641684391,0.16072930266360475,0.0007580368534801622,True,True,-0.01887128072251154,0.9617186086832983,0.4941679952537994,0.3819328658600438
2020-12-31,LIWC-22,emo_anx,Anxiety,climate-to-COVID,705,3,1,0.0148957737751313,0.1476715596282124,0.015795090695005697,0.010655574947200404,0.13871820754995512,0.0748881803424681,0.1203887368656036,0.07731313932873649,0.046451560331861375,0.09603612156138484,True,True,-0.05244378048411909,0.5293061788304596,-0.41770112698169537,0.0010175955765464816
2020-12-31,LIWC-22,emo_neg,Negative emotion,COVID-to-climate,705,1,1,0.1092371736626021,0.1335630355459932,0.11253417336391061,0.07444194157942,0.1310751423357933,0.1291346036316797,0.0380442530337573,0.1304882763261264,0.06900022340589224,0.058607217393889785,True,True,-0.49956009779890903,0.3154323104184461,0.590602157612784,0.39956915564174045
2020-12-31,LIWC-22,emo_neg,Negative emotion,climate-to-COVID,705,3,1,0.0261849936595148,0.1879074914760269,0.026658545332675605,0.019847564051993897,0.17966943461507165,0.1752251582576113,0.1187893531125269,0.17325452748838005,0.10198195389843262,0.089342857461847,True,True,-0.496469190055576,0.02601110696547003,-1.0884160546498536,0.0007308839274750717
2020-12-31,LIWC-22,emo_pos,Positive emotion,COVID-to-climate,705,1,1,0.0321102221961924,0.8825162263507196,0.014738583121563533,0.21445578779751126,0.9452283763853582,-0.227639700985159,0.2934602781585386,-0.2715037185380925,0.2335908894659287,0.24511184013310372,True,True,-0.03203588138151329,0.9336559423399482,-0.4698284278193215,0.5420645288289861
2020-12-31,LIWC-22,emo_pos,Positive emotion,climate-to-COVID,705,6,1,0.0029138953077292,0.8640240216974082,0.0019698217671540227,0.016682430194162802,0.9060413825771044,-0.001840519031836,0.9866689015972516,-0.008985045743571332,0.08384609787296286,0.9146611217777183,True,True,0.04483638637010625,0.7145321667695876,-0.43215741541190933,0.042798482993039705
2020-12-31,VADER,negative,Negative sentiment,COVID-to-climate,705,2,1,0.2941892890664916,0.0024111778928872,0.29606510030307487,0.0978346890475748,0.002570593971227628,0.2735489780228813,0.0004821263253946,0.22499006400497862,0.08200344137041732,0.006075729807357029,True,True,-0.017632999453808328,0.9529323545960169,1.0361386680108668,0.03608428023566003
2020-12-31,VADER,negative,Negative sentiment,climate-to-COVID,705,2,1,0.0506286979701547,0.0035874704934223,0.05149272494210591,0.01797388290199772,0.00430119130426242,0.1939755738748597,0.1114466456537359,0.21280308210474197,0.1466729790742026,0.1468167144158896,True,True,-0.27700902159382135,0.01265984328532707,-0.3122154370667971,0.1997583964998029
2020-12-31,VADER,positive,Positive sentiment,COVID-to-climate,705,4,1,0.0782212932273702,0.6754107667657445,0.05566993490915373,0.18483631539636042,0.7633661438085044,0.0745476188746173,0.8178463784087184,-0.044076141928657116,0.3236417270849661,0.8916726066798464,True,False,0.39728684802141945,0.196489174341333,-0.24546460770215198,0.5971856328820193
2020-12-31,VADER,positive,Positive sentiment,climate-to-COVID,705,2,1,0.0025382056592539,0.812126946446075,0.002011922648279213,0.010203188628413507,0.8437414237655592,-0.0076971230545825,0.8719958094503826,-0.008849679991199927,0.03543281559442822,0.8027733921223952,True,True,-0.028669783928565958,0.7213361580861133,-0.562977444909005,0.0001515516095773862
2021-03-31,NRC Emotion Lexicon,anger,Anger,COVID-to-climate,705,2,1,0.143942433803322,0.0045356936069835,0.14171361646820863,0.05103750650992674,0.005643985965623591,0.1322650323026268,0.0155466216678378,0.09537219022537888,0.057027523720977455,0.09444768519929524,True,True,-0.15681356881434996,0.4782103385295928,1.4733692113262968,0.009181032333709097
2021-03-31,NRC Emotion Lexicon,anger,Anger,climate-to-COVID,705,2,1,0.0717927999749304,0.0076891438139976,0.07384907702458458,0.028098905086363146,0.008778820708553755,0.1667854304931243,0.141258532752473,0.1856408911101169,0.13625582430933036,0.1730578965015389,True,True,-0.06802030656893482,0.6602218866536983,-0.2186303321278724,0.6029680328795739
2021-03-31,NRC Emotion Lexicon,sadness,Sadness,COVID-to-climate,705,2,1,0.1908989740396154,0.0210278318759058,0.18597194397975922,0.08317999867002586,0.02569152049844092,0.3142570680543641,0.0015310677904829,0.28103461973975363,0.09790696072309399,0.004099200039992203,True,True,0.18583558247938733,0.3838642180379094,0.9556002670093955,0.06819378274481143
2021-03-31,NRC Emotion Lexicon,sadness,Sadness,climate-to-COVID,705,3,1,0.0627921080202996,0.0401597534509432,0.06218845064730956,0.03091838222164934,0.044682326611446235,0.3485664214833517,0.0010823419747386,0.34015336442065863,0.11678443761171471,0.003583645149366095,True,True,0.15080947956865778,0.22497172745934899,-0.003260889260560733,0.9899074236024894
2021-03-31,NRC Emotion Lexicon,fear,Fear,COVID-to-climate,705,4,1,0.276586648456504,0.0336851328720094,0.2815510008374625,0.13071390576924802,0.03159755184019593,0.289434130727645,0.0408536359858721,0.24692646995856748,0.1381999402529417,0.07398056371264099,True,True,-0.13207633346578318,0.522629312875716,0.8625589859156875,0.027621265015544474
2021-03-31,NRC Emotion Lexicon,fear,Fear,climate-to-COVID,705,2,1,0.0245285800139507,0.0307580014434284,0.025601154439968077,0.011443329201667544,0.025597148282978033,0.0556229435509943,0.3608395440374903,0.06501218519802421,0.06610511893047713,0.32537778158920505,True,True,0.1081779807462318,0.15561789016495028,-0.07991307820002852,0.5649317689924758
2021-03-31,NRC Emotion Lexicon,disgust,Disgust,COVID-to-climate,705,1,1,0.2702185536873406,0.0025810316582823,0.24418219894889487,0.08936419551437229,0.006450486195123087,0.375340037206567,0.0002300874412292,0.2849673993409853,0.0869572536771143,0.0010488014292321156,True,True,0.5783911791962736,0.10914433994389891,1.9684298265518896,0.001950282561236336
2021-03-31,NRC Emotion Lexicon,disgust,Disgust,climate-to-COVID,705,3,1,0.040880910632985,0.0234946236222084,0.04004013815235828,0.0186611211242196,0.03225682174543306,0.149243303808087,0.0233274295220392,0.1399368864392035,0.07121072344625781,0.04940153721254757,True,True,0.1093214533799415,0.25653120055718054,-0.015315411124212256,0.9315537468253587
2021-03-31,NRC Emotion Lexicon,joy,Joy,COVID-to-climate,705,2,1,0.1848678839098007,0.2206879443094558,0.13798955001092295,0.15205493536225836,0.3644664099116707,0.051212235173178,0.8197108745870858,-0.10950555843181756,0.24090672899586596,0.6494288170083249,True,False,-0.2681399086444445,0.16657051704224998,-1.0816886446788616,0.046647635309826053
2021-03-31,NRC Emotion Lexicon,joy,Joy,climate-to-COVID,705,3,1,0.0082044227956615,0.3521857669616435,0.0064807590478745125,0.008804839330126723,0.4619585585660744,0.0347114415532572,0.5068411246090452,0.018818615710737847,0.04575821191589941,0.6808803989019641,True,True,-0.10799924101812286,0.056951675843530745,-0.29614381680453844,0.02920566790240869
2021-03-31,NRC Emotion Lexicon,anticipation,Anticipation,COVID-to-climate,705,4,1,0.1872242320038947,0.0863060161430914,0.18715526796264814,0.10943302100552113,0.08768349697604136,0.0784662244593464,0.6620592162210761,0.07794957557272113,0.18275149421049675,0.6697193775499952,True,True,0.05722754098351521,0.8306303473375833,-0.13081253914686974,0.8190471625679419
2021-03-31,NRC Emotion Lexicon,anticipation,Anticipation,climate-to-COVID,705,2,1,0.0204857404415916,0.13567673376856,0.020832054178746083,0.013671602764658005,0.12803906408101173,0.0674984894872576,0.3238192404262277,0.06803653471602561,0.06454216949511006,0.2918184551739119,True,True,-0.120898604239457,0.11122537069156056,-0.17936175509634392,0.28222370565284693
2021-03-31,NRC Emotion Lexicon,trust,Trust,COVID-to-climate,705,4,1,0.1553403231014229,0.0359049261266286,0.17340996721153695,0.07442935115327635,0.020107506796687286,0.2352676895668461,0.1927095742171913,0.2863730122988524,0.17411005729681767,0.10001486545745303,True,True,-0.4444037412921141,0.08161138628589565,-0.9217221813836932,0.02653242626352938
2021-03-31,NRC Emotion Lexicon,trust,Trust,climate-to-COVID,705,3,1,0.045486317582482,0.0363048437435109,0.05056428321292229,0.02228985531683889,0.023613970722951863,0.1525344213951514,0.0805345699252981,0.17228345187963015,0.08524855019450717,0.043284462319257457,True,True,0.08594213634962623,0.4402678096265704,0.427020326964376,0.10655891224261128
2021-03-31,NRC Emotion Lexicon,surprise,Surprise,COVID-to-climate,705,2,1,0.1200625917270647,0.0889167639396214,0.13284432809412342,0.07241942466992213,0.06703715477233033,0.217879123434271,0.0139484008599095,0.24403961573827657,0.09319948934421235,0.008832631070514452,True,True,0.3908490909948617,0.0846163478103967,1.1639775680500464,0.03556707228638485
2021-03-31,NRC Emotion Lexicon,surprise,Surprise,climate-to-COVID,705,2,1,0.06464721990037,0.1095458666216173,0.07305604711729496,0.0414218593780556,0.07823223221308877,0.2104327456811735,0.1989408746753102,0.2501327898766568,0.1580707018433219,0.1135558148744306,True,True,-0.1534933051856159,0.2943514068091225,-0.9048701526318345,0.01743218231194662
2021-03-31,NRC Emotion Lexicon,negative,Negative emotion,COVID-to-climate,705,4,1,0.317554258363616,0.0056709824835883,0.32015113346670393,0.11453878716156313,0.005335231965981925,0.4119575727133056,0.0085119010249999,0.3621234930004662,0.14533885664913662,0.012717606582401317,True,True,0.2548970905394988,0.28636285188815813,1.1776649825310213,0.026525251608346574
2021-03-31,NRC Emotion Lexicon,negative,Negative emotion,climate-to-COVID,705,2,1,0.03946979715396,0.0051039956352692,0.04039614658082793,0.014269878432333507,0.004779917670709541,0.1132265488804916,0.0418156048403023,0.12192775751781083,0.05970403120585132,0.04113138927233959,True,True,0.10243496034189757,0.18608946930770592,-0.16535824489251913,0.2200836938074013
2021-03-31,NRC Emotion Lexicon,positive,Positive emotion,COVID-to-climate,705,4,1,0.1279373353785231,0.2665107658964435,0.10238322573428198,0.11433678875999775,0.37086416007420797,0.3317019121120612,0.2086765046259252,0.19559344328937853,0.25681317609902693,0.4462882477271408,True,True,-0.37463681967198237,0.07632668657105125,-0.8100558533266843,0.07770905630014414
2021-03-31,NRC Emotion Lexicon,positive,Positive emotion,climate-to-COVID,705,2,1,0.0186067273009892,0.1542675312076257,0.01576877266899595,0.012897117580824818,0.22188410751776166,0.0627006331046249,0.2863014873005786,0.03868498902267933,0.05130566724001958,0.4508431835531387,True,True,0.016634978324195623,0.8065790888002669,-0.44966667485147876,0.012205997203000559
2021-03-31,LIWC-22,emo_anger,Anger,COVID-to-climate,705,1,1,0.1727155319875535,0.0692725337527371,0.15708451863357267,0.09185024515783353,0.08768190204087048,0.0392291581988153,0.7317487718547744,-0.018600087831083082,0.12099512669712068,0.8778258421730385,True,False,-0.7136996248506532,0.006341349418416314,1.3217697972995186,0.017737629013490457
2021-03-31,LIWC-22,emo_anger,Anger,climate-to-COVID,705,4,1,0.023355996576556,0.088002756150989,0.0239007929071104,0.013449560316125708,0.07600718482513756,0.056224983238639,0.5271870885287441,0.06074419093315892,0.08701462393776796,0.4851198183475923,True,True,-0.20434852450706442,0.05558254190975688,-0.5034045627078114,0.025238057894490122
2021-03-31,LIWC-22,emo_sad,Sadness,COVID-to-climate,705,1,1,0.2080178600783643,0.0589348571570351,0.2066673241208663,0.11011933909396539,0.06098055034644069,0.1926153332193929,0.0880778944732302,0.1903121151333796,0.10908754601072995,0.08105774264818251,True,True,0.2853469180748325,0.3409333624691767,-0.08102812645681101,0.9054872353557045
2021-03-31,LIWC-22,emo_sad,Sadness,climate-to-COVID,705,2,1,0.0440338222518262,0.0381129180643918,0.04260522469930264,0.02074133821576271,0.040347390891521305,0.1142875081377189,0.0043201032886487,0.10822547869115964,0.03639706989769672,0.0029445626654742334,True,True,-0.050747869866418924,0.7036337571313098,-0.8796543448736862,0.00047413945866428526
2021-03-31,LIWC-22,emo_anx,Anxiety,COVID-to-climate,705,1,1,0.2897081434487697,0.0766720786708781,0.2918838426446001,0.17023460007785055,0.08687600416437544,0.5118052659565404,0.0003252396758774,0.49823495358143394,0.1573362937036738,0.0015418564528099242,True,True,0.5061662238116941,0.03837104931462108,0.5487318652294577,0.32015801230264024
2021-03-31,LIWC-22,emo_anx,Anxiety,climate-to-COVID,705,3,1,0.0148957737751313,0.1476715596282124,0.015440956993339361,0.010623512062083876,0.1465573426770688,0.0748881803424681,0.1203887368656036,0.07501516131309278,0.047584154350188715,0.11491670693736045,True,True,0.04628364858757969,0.34093633004154567,-0.32393124235274445,0.009006637097535991
2021-03-31,LIWC-22,emo_neg,Negative emotion,COVID-to-climate,705,1,1,0.1092371736626021,0.1335630355459932,0.11974963914360091,0.07468793240868946,0.10932683863800359,0.1291346036316797,0.0380442530337573,0.14435062580552496,0.07010257573471873,0.039481364459630824,True,True,-0.06987254652703898,0.8406766920367823,0.841218698820008,0.22588647412394122
2021-03-31,LIWC-22,emo_neg,Negative emotion,climate-to-COVID,705,3,1,0.0261849936595148,0.1879074914760269,0.028675363218342374,0.020156957611374923,0.15531233287378407,0.1752251582576113,0.1187893531125269,0.1932521919459279,0.10976662765658231,0.07831065401746831,True,True,0.028668122788114748,0.8581216919791298,-0.7081328424380836,0.014996864363130713
2021-03-31,LIWC-22,emo_pos,Positive emotion,COVID-to-climate,705,1,1,0.0321102221961924,0.8825162263507196,0.03111666022596962,0.2146109660708985,0.8847610619949471,-0.227639700985159,0.2934602781585386,-0.2314084873024694,0.23440378808415196,0.3235340054087449,True,True,0.28630781549314804,0.14083216755124114,-0.2751132319762527,0.7285089983591271
2021-03-31,LIWC-22,emo_pos,Positive emotion,climate-to-COVID,705,6,1,0.0029138953077292,0.8640240216974082,0.0026681699391029367,0.016676380568963683,0.8729314889779364,-0.001840519031836,0.9866689015972516,-0.003374852594330706,0.0798056396594084,0.9662687946501929,True,True,-0.1395806135744226,0.02740431182478131,-0.4587617818236106,0.03047305447760691
2021-03-31,VADER,negative,Negative sentiment,COVID-to-climate,705,2,1,0.2941892890664916,0.0024111778928872,0.29523978514780996,0.09822626437093418,0.002747592760355921,0.2735489780228813,0.0004821263253946,0.20539905277236598,0.0811185690538568,0.011338673696927008,True,True,0.24929616777518715,0.3707541334899106,1.2539779573832721,0.009545351293999796
2021-03-31,VADER,negative,Negative sentiment,climate-to-COVID,705,2,1,0.0506286979701547,0.0035874704934223,0.05213052923456021,0.018421760162913546,0.004795207653832827,0.1939755738748597,0.1114466456537359,0.22159044480198561,0.16122654604531692,0.1693162276657526,True,True,-0.002839337199555413,0.9814169987799309,-0.19184004067358895,0.46971462409999387
2021-03-31,VADER,positive,Positive sentiment,COVID-to-climate,705,4,1,0.0782212932273702,0.6754107667657445,0.07295585324526167,0.185231778936326,0.6938069376702772,0.0745476188746173,0.8178463784087184,0.04776001761465106,0.33695453394320063,0.8872851862907973,True,True,0.3028956758727669,0.23562142662455748,-0.29555828523322136,0.5378011887148888
2021-03-31,VADER,positive,Positive sentiment,climate-to-COVID,705,2,1,0.0025382056592539,0.812126946446075,0.0027706762786342603,0.010190760194367156,0.7857962451934056,-0.0076971230545825,0.8719958094503826,-0.005073385746872793,0.03503259457786053,0.8848537707852477,True,True,-0.1144793654953593,0.036079484615324016,-0.5275618626006259,0.0003522676120557769
2021-06-30,NRC Emotion Lexicon,anger,Anger,COVID-to-climate,705,2,1,0.143942433803322,0.0045356936069835,0.14057367939952276,0.05058759635069964,0.005607008505941835,0.1322650323026268,0.0155466216678378,0.10255812554856371,0.057119545627431594,0.07257412466297776,True,True,0.1324277245295683,0.5969210495668997,1.0166047409020047,0.12130055474593122
2021-06-30,NRC Emotion Lexicon,anger,Anger,climate-to-COVID,705,2,1,0.0717927999749304,0.0076891438139976,0.07196740918494357,0.02751297343412596,0.00910125949311719,0.1667854304931243,0.141258532752473,0.16824758127271622,0.12356527255515316,0.17332132856499116,True,True,0.16507240964413217,0.26987187091048004,-0.3268770960753987,0.3714663261996397
2021-06-30,NRC Emotion Lexicon,sadness,Sadness,COVID-to-climate,705,2,1,0.1908989740396154,0.0210278318759058,0.1875110173727878,0.08279180485640596,0.023837188766409043,0.3142570680543641,0.0015310677904829,0.2912257451576204,0.09965532383030686,0.0034742319238142355,True,True,0.19601355401844336,0.4075411820698849,0.46568783205441505,0.4417382575333808
2021-06-30,NRC Emotion Lexicon,sadness,Sadness,climate-to-COVID,705,3,1,0.0627921080202996,0.0401597534509432,0.062403592150385705,0.030689500749558556,0.04240368420653963,0.3485664214833517,0.0010823419747386,0.3432667916902084,0.10988735625214677,0.0017852807382496376,True,True,0.10348643322177227,0.26903246570942524,-0.17327533876196105,0.5344650478642397
2021-06-30,NRC Emotion Lexicon,fear,Fear,COVID-to-climate,705,4,1,0.276586648456504,0.0336851328720094,0.2720826489051521,0.12864653337614418,0.0347989526372201,0.289434130727645,0.0408536359858721,0.21185439053245342,0.13558258984859575,0.1181587981988941,True,True,0.31668779825028065,0.0966759751248055,0.4160674581962975,0.42867961439219116
2021-06-30,NRC Emotion Lexicon,fear,Fear,climate-to-COVID,705,2,1,0.0245285800139507,0.0307580014434284,0.024717293133368963,0.011333898194900117,0.02953956248549664,0.0556229435509943,0.3608395440374903,0.05758840632122643,0.06531608306795042,0.37794555475905944,True,True,0.04033125991286274,0.4481323322489792,-0.18078196016651651,0.15411062711181442
2021-06-30,NRC Emotion Lexicon,disgust,Disgust,COVID-to-climate,705,1,1,0.2702185536873406,0.0025810316582823,0.2609078989554611,0.08882329473818887,0.0034222497408976428,0.375340037206567,0.0002300874412292,0.3374400300995753,0.094668289403108,0.0003646251446527107,True,True,0.19351579981879755,0.34665953655116477,1.358355771169347,0.04799778370693716
2021-06-30,NRC Emotion Lexicon,disgust,Disgust,climate-to-COVID,705,3,1,0.040880910632985,0.0234946236222084,0.0406760141133796,0.018276099200659784,0.026367368703145815,0.149243303808087,0.0233274295220392,0.14701802496835653,0.06537614994120014,0.024525088072676934,True,True,0.16932735840809668,0.045218607814542774,-0.3286065960234255,0.1578000992581452
2021-06-30,NRC Emotion Lexicon,joy,Joy,COVID-to-climate,705,2,1,0.1848678839098007,0.2206879443094558,0.16759590379759148,0.15143669051828457,0.26881411448161335,0.051212235173178,0.8197108745870858,-0.008141917037869675,0.24787269953065708,0.9737964611806935,True,False,0.1480389417368085,0.6348929390930877,-1.3538747895771936,0.07226891166771457
2021-06-30,NRC Emotion Lexicon,joy,Joy,climate-to-COVID,705,3,1,0.0082044227956615,0.3521857669616435,0.007558919543998601,0.008791009452794181,0.3901784349264683,0.0347114415532572,0.5068411246090452,0.025036019634379122,0.046863227893050585,0.5931783208549374,True,True,-0.10918077533508207,0.10532963083434663,-0.09256084057115646,0.5860006637059532
2021-06-30,NRC Emotion Lexicon,anticipation,Anticipation,COVID-to-climate,705,4,1,0.1872242320038947,0.0863060161430914,0.19398920699044908,0.10825953502282507,0.0735983399026881,0.0784662244593464,0.6620592162210761,0.09197627702778197,0.1743908269936513,0.5979056720403522,True,True,0.40174727637027113,0.07198382058425164,-1.044188967644638,0.10756359136105909
2021-06-30,NRC Emotion Lexicon,anticipation,Anticipation,climate-to-COVID,705,2,1,0.0204857404415916,0.13567673376856,0.0217746001250084,0.013750387368988481,0.11376027602118269,0.0674984894872576,0.3238192404262277,0.07831586676366448,0.06688190850298029,0.24161589445109222,True,True,-0.12991245571163335,0.1690163900692599,0.040920908593097306,0.8677547372632364
2021-06-30,NRC Emotion Lexicon,trust,Trust,COVID-to-climate,705,4,1,0.1553403231014229,0.0359049261266286,0.1594359254904638,0.07414915364881393,0.0318935005245163,0.2352676895668461,0.1927095742171913,0.2548320476998991,0.17884605182271482,0.15419531029411623,True,True,0.10399845690230464,0.506708689161232,-0.9028455338454499,0.08442537842142268
2021-06-30,NRC Emotion Lexicon,trust,Trust,climate-to-COVID,705,3,1,0.045486317582482,0.0363048437435109,0.046271077305300834,0.021895315908250914,0.03494207952294711,0.1525344213951514,0.0805345699252981,0.15188396160852827,0.08360640237480367,0.06927000619872345,True,True,0.15818290281083855,0.107859266886194,0.03205709289789346,0.9187253511988291
2021-06-30,NRC Emotion Lexicon,surprise,Surprise,COVID-to-climate,705,2,1,0.1200625917270647,0.0889167639396214,0.12592324816738343,0.07122632291386195,0.07752274336112937,0.217879123434271,0.0139484008599095,0.23320033004584856,0.09054189202875054,0.010006431019100438,True,True,0.19918366297329573,0.2998647297460014,0.4747123535257907,0.47204013028127434
2021-06-30,NRC Emotion Lexicon,surprise,Surprise,climate-to-COVID,705,2,1,0.06464721990037,0.1095458666216173,0.06836422615556219,0.04056047814054316,0.0923551430446915,0.2104327456811735,0.1989408746753102,0.22705378110980173,0.15778997444791215,0.15016128249079547,True,True,-0.0818838136952322,0.4931419862876383,-0.7237504986689214,0.12921689750557952
2021-06-30,NRC Emotion Lexicon,negative,Negative emotion,COVID-to-climate,705,4,1,0.317554258363616,0.0056709824835883,0.3213058560801505,0.11446887554078047,0.005145947832786186,0.4119575727133056,0.0085119010249999,0.388451160041939,0.14986768590503258,0.009543065764049268,True,True,0.18214042392509142,0.4201334224325517,0.6546323470754593,0.3067322913141078
2021-06-30,NRC Emotion Lexicon,negative,Negative emotion,climate-to-COVID,705,2,1,0.03946979715396,0.0051039956352692,0.04073499581964375,0.014068899671030742,0.003908859129674109,0.1132265488804916,0.0418156048403023,0.12406110930765306,0.056502301505791094,0.028114683341713242,True,True,0.06073386354014392,0.3195557001677803,-0.2987131568135794,0.06163669207329954
2021-06-30,NRC Emotion Lexicon,positive,Positive emotion,COVID-to-climate,705,4,1,0.1279373353785231,0.2665107658964435,0.10273144332902112,0.11286948504967866,0.36305297104406353,0.3317019121120612,0.2086765046259252,0.21752238980569338,0.2534721637460669,0.39079820023748546,True,True,0.07597607081091132,0.7623628880532793,-0.7432331059354326,0.1645551962951297
2021-06-30,NRC Emotion Lexicon,positive,Positive emotion,climate-to-COVID,705,2,1,0.0186067273009892,0.1542675312076257,0.015828954367319552,0.01249907275975315,0.20580178253368392,0.0627006331046249,0.2863014873005786,0.041261071548700456,0.04522837745088126,0.36161985781543904,True,True,0.14441114016499051,0.03839857595495605,-0.8553898937081748,0.0005592369241308147
2021-06-30,LIWC-22,emo_anger,Anger,COVID-to-climate,705,1,1,0.1727155319875535,0.0692725337527371,0.17858699979437145,0.09393875434117303,0.05771261634316405,0.0392291581988153,0.7317487718547744,0.024370080937744388,0.12572839295703936,0.8463080832647378,True,True,-0.11860110983146453,0.584553011953249,2.022247555182265,0.001487909852161151
2021-06-30,LIWC-22,emo_anger,Anger,climate-to-COVID,705,4,1,0.023355996576556,0.088002756150989,0.026204194977809323,0.013703844848429814,0.05627634181776515,0.056224983238639,0.5271870885287441,0.08391227445887187,0.09254994168419906,0.36458122479466515,True,True,0.062469095091729446,0.6195369157992754,-0.4910425373183872,0.005868847658555647
2021-06-30,LIWC-22,emo_sad,Sadness,COVID-to-climate,705,1,1,0.2080178600783643,0.0589348571570351,0.2088884710294166,0.10989662720832778,0.057755660608305975,0.1926153332193929,0.0880778944732302,0.1940671261116074,0.11138638862236265,0.08145812832455532,True,True,0.20263706233823947,0.5425496020781184,-0.48167448216011255,0.5830965799967733
2021-06-30,LIWC-22,emo_sad,Sadness,climate-to-COVID,705,2,1,0.0440338222518262,0.0381129180643918,0.04343924174419184,0.020837325695557615,0.03747217687729175,0.1142875081377189,0.0043201032886487,0.11196455275264802,0.037448879462972776,0.002791627780573207,True,True,-0.1769322176960939,0.0985664633781831,-0.4629631762018517,0.12860606783253326
2021-06-30,LIWC-22,emo_anx,Anxiety,COVID-to-climate,705,1,1,0.2897081434487697,0.0766720786708781,0.2961822435942185,0.1724786636456464,0.08639731165367949,0.5118052659565404,0.0003252396758774,0.5240371754439258,0.16354315828537802,0.0013540330210442958,True,True,0.0643516510486947,0.798284461654392,0.15886213850067418,0.8410203955199044
2021-06-30,LIWC-22,emo_anx,Anxiety,climate-to-COVID,705,3,1,0.0148957737751313,0.1476715596282124,0.015374481077378491,0.01061321541684633,0.1479083285699003,0.0748881803424681,0.1203887368656036,0.07387631687182486,0.046094321393299914,0.10899636090445528,True,True,-0.007338094598129681,0.8539511008270173,-0.38634079901952884,0.02900199810996231
2021-06-30,LIWC-22,emo_neg,Negative emotion,COVID-to-climate,705,1,1,0.1092371736626021,0.1335630355459932,0.11526121252699988,0.0746655957251296,0.12312784205122744,0.1291346036316797,0.0380442530337573,0.1368155032214598,0.06940530242044197,0.0486947918466191,True,True,0.10300297886969134,0.6664935455490437,0.7005992963977626,0.4306730683849217
2021-06-30,LIWC-22,emo_neg,Negative emotion,climate-to-COVID,705,3,1,0.0261849936595148,0.1879074914760269,0.0277161577908908,0.02023881672424338,0.17131171103151777,0.1752251582576113,0.1187893531125269,0.1804057102947917,0.10751884926299485,0.09336692560787786,True,True,0.11149036002794031,0.3495213950367909,-0.8008460224095626,0.034307395770832826
2021-06-30,LIWC-22,emo_pos,Positive emotion,COVID-to-climate,705,1,1,0.0321102221961924,0.8825162263507196,0.029880426574718538,0.21871370827454378,0.8913725916154973,-0.227639700985159,0.2934602781585386,-0.236497032585545,0.23692006988512146,0.31817539051886146,True,True,0.16155351939617807,0.5577661324307206,-0.6470789413409926,0.5246749737553875
2021-06-30,LIWC-22,emo_pos,Positive emotion,climate-to-COVID,705,6,1,0.0029138953077292,0.8640240216974082,0.002748634806588443,0.01696973941034127,0.871375953947684,-0.001840519031836,0.9866689015972516,-0.004080082390004753,0.08714652678481292,0.9626577679482025,True,True,-0.17229092621242165,0.10507998914145111,-0.12075131298335495,0.6138753926151992
2021-06-30,VADER,negative,Negative sentiment,COVID-to-climate,705,2,1,0.2941892890664916,0.0024111778928872,0.28677807377542786,0.09790925544938552,0.0035146504762432196,0.2735489780228813,0.0004821263253946,0.19696373485331767,0.08104273513172697,0.015083465969755181,True,True,0.3614600157157378,0.07778508758128723,0.5578936774711892,0.32451680411986694
2021-06-30,VADER,negative,Negative sentiment,climate-to-COVID,705,2,1,0.0506286979701547,0.0035874704934223,0.050341033510355744,0.018129115877171326,0.005641421899790853,0.1939755738748597,0.1114466456537359,0.18921903633740814,0.13781953429328633,0.16976855268864632,True,True,0.09068691570097713,0.38486582141511005,-0.22881791504337734,0.1861587627639177
2021-06-30,VADER,positive,Positive sentiment,COVID-to-climate,705,4,1,0.0782212932273702,0.6754107667657445,0.07131224095896724,0.18479498092935956,0.6996928942142259,0.0745476188746173,0.8178463784087184,0.03147815455873987,0.33014646309627266,0.9240399825469956,True,True,0.20913586739617718,0.40924407335821067,-0.7605583540042349,0.27537510263949333
2021-06-30,VADER,positive,Positive sentiment,climate-to-COVID,705,2,1,0.0025382056592539,0.812126946446075,0.0024067719489998594,0.01030661906026223,0.8154304711873663,-0.0076971230545825,0.8719958094503826,-0.00877361944358873,0.0376153807103199,0.8155707521400579,True,True,-0.12612165642986803,0.023158958029469667,-0.28631396287004374,0.05076265403945944
2021-09-30,NRC Emotion Lexicon,anger,Anger,COVID-to-climate,705,2,1,0.143942433803322,0.0045356936069835,0.14794219320722757,0.051359155350516945,0.0040954523412120155,0.1322650323026268,0.0155466216678378,0.12811744871502465,0.0556755304977478,0.021383456691177593,True,True,0.09598554955821478,0.5803487389569808,1.8235411581195915,0.3168074210260865
2021-09-30,NRC Emotion Lexicon,anger,Anger,climate-to-COVID,705,2,1,0.0717927999749304,0.0076891438139976,0.07535078439421865,0.02746755526374874,0.006244132445241779,0.1667854304931243,0.141258532752473,0.1979349910948787,0.12568551612431908,0.11529262244334641,True,True,0.00438647088433927,0.9743746168867327,-1.1243668121310326,0.28924888409653166
2021-09-30,NRC Emotion Lexicon,sadness,Sadness,COVID-to-climate,705,2,1,0.1908989740396154,0.0210278318759058,0.19274332382882706,0.08317117904972712,0.02077770321588765,0.3142570680543641,0.0015310677904829,0.31286410734313785,0.09848374364020862,0.0014890473305711322,True,True,0.23555401150361802,0.227444701770043,-0.3195493046864886,0.8568400750992569
2021-09-30,NRC Emotion Lexicon,sadness,Sadness,climate-to-COVID,705,3,1,0.0627921080202996,0.0401597534509432,0.06370472593748176,0.030793028986031677,0.03894412489602624,0.3485664214833517,0.0010823419747386,0.35895026887215764,0.11011991530900778,0.0011155732331686401,True,True,-0.04159376945627608,0.7241131107709856,-0.37444361957703454,0.6529687444361865
2021-09-30,NRC Emotion Lexicon,fear,Fear,COVID-to-climate,705,4,1,0.276586648456504,0.0336851328720094,0.28998979645797196,0.12959622948076185,0.025569981085020167,0.289434130727645,0.0408536359858721,0.2996003744170531,0.1359141736259004,0.0275007909091227,True,True,0.05459422265894726,0.830443779413415,1.428883524336743,0.4263655567334189
2021-09-30,NRC Emotion Lexicon,fear,Fear,climate-to-COVID,705,2,1,0.0245285800139507,0.0307580014434284,0.026508957441561266,0.01114952176266665,0.01770307368277285,0.0556229435509943,0.3608395440374903,0.07497371327999883,0.06217116310522313,0.22784669911603206,True,True,-0.02787275527851946,0.6051697149619402,-0.47590580067200094,0.19549871589631296
2021-09-30,NRC Emotion Lexicon,disgust,Disgust,COVID-to-climate,705,1,1,0.2702185536873406,0.0025810316582823,0.2885802406824847,0.08933265709556897,0.0012958929258910447,0.375340037206567,0.0002300874412292,0.4047156512309495,0.10329982609021668,8.933356275218977e-05,True,True,0.5226047014069285,0.016220756380188266,-0.2725912122212611,0.8848979156861851
2021-09-30,NRC Emotion Lexicon,disgust,Disgust,climate-to-COVID,705,3,1,0.040880910632985,0.0234946236222084,0.043808829978197024,0.01842518833071562,0.017700016184505903,0.149243303808087,0.0233274295220392,0.17067823134519897,0.06507061927198421,0.008716714762066168,True,True,-0.15761507823824447,0.1416615558758193,0.1640603309795815,0.8166243089345546
2021-09-30,NRC Emotion Lexicon,joy,Joy,COVID-to-climate,705,2,1,0.1848678839098007,0.2206879443094558,0.1492506774546804,0.15238145208432743,0.32770540145514526,0.051212235173178,0.8197108745870858,-0.05325773264501481,0.23538277425709556,0.8209991206935117,True,False,0.25379972810329676,0.4216052239260125,-5.065511205353747,0.03965444159147186
2021-09-30,NRC Emotion Lexicon,joy,Joy,climate-to-COVID,705,3,1,0.0082044227956615,0.3521857669616435,0.006547905982478301,0.008903357800817649,0.4623252435036934,0.0347114415532572,0.5068411246090452,0.017204392744403524,0.04959978967482798,0.7286933221780358,True,True,0.16137089095087245,0.004332469956558829,-1.1859893274770452,0.006187920322432507
2021-09-30,NRC Emotion Lexicon,anticipation,Anticipation,COVID-to-climate,705,4,1,0.1872242320038947,0.0863060161430914,0.19295191039125717,0.10854653850308271,0.07592036991475626,0.0784662244593464,0.6620592162210761,0.09350702323613795,0.1826064521680449,0.6086030265772489,True,True,-0.1208032342872423,0.6660049498047712,-0.906485904533006,0.6842518063567831
2021-09-30,NRC Emotion Lexicon,anticipation,Anticipation,climate-to-COVID,705,2,1,0.0204857404415916,0.13567673376856,0.020938944047562472,0.013658486383290215,0.12573426974890228,0.0674984894872576,0.3238192404262277,0.06506592321815904,0.06686465024431748,0.3305041089581303,True,True,0.23001458063684885,0.006286152926451818,-1.1444939259014475,0.030723777769607524
2021-09-30,NRC Emotion Lexicon,trust,Trust,COVID-to-climate,705,4,1,0.1553403231014229,0.0359049261266286,0.15606127469570036,0.07353135823525228,0.034169572051248556,0.2352676895668461,0.1927095742171913,0.2430416005695451,0.16972752136565775,0.15215766526736724,True,True,-0.17748331822030136,0.299916588825845,-0.6789113450607621,0.6188003181227077
2021-09-30,NRC Emotion Lexicon,trust,Trust,climate-to-COVID,705,3,1,0.045486317582482,0.0363048437435109,0.04497360718328695,0.021746617738117698,0.039012913112984444,0.1525344213951514,0.0805345699252981,0.1496530883458925,0.08493030625501098,0.07805758342758419,True,True,0.1709687490403578,0.09345914844956428,-1.4094643047144537,0.05430662482779384
2021-09-30,NRC Emotion Lexicon,surprise,Surprise,COVID-to-climate,705,2,1,0.1200625917270647,0.0889167639396214,0.12481348602137456,0.0719476544169111,0.08323457076886273,0.217879123434271,0.0139484008599095,0.23089000396045378,0.08905760862580478,0.009525582373491296,True,True,-0.34128107560478554,0.11334896840506918,3.4507860318755785,0.08293760118645643
2021-09-30,NRC Emotion Lexicon,surprise,Surprise,climate-to-COVID,705,2,1,0.06464721990037,0.1095458666216173,0.06789282739310329,0.041051441106642356,0.09862203853404851,0.2104327456811735,0.1989408746753102,0.22496207367020754,0.1654446106974698,0.17391141415479872,True,True,0.13476241986988105,0.3637052011838051,-1.8012058263373274,0.10151508673557012
2021-09-30,NRC Emotion Lexicon,negative,Negative emotion,COVID-to-climate,705,4,1,0.317554258363616,0.0056709824835883,0.3351791449730003,0.11622650016123928,0.00405364343221741,0.4119575727133056,0.0085119010249999,0.4435969306171909,0.1565076181533464,0.004591941062841812,True,True,0.3345978189585957,0.062266255558847156,-0.38171385230062105,0.8223492361040775
2021-09-30,NRC Emotion Lexicon,negative,Negative emotion,climate-to-COVID,705,2,1,0.03946979715396,0.0051039956352692,0.04242216612605214,0.014144854496510212,0.002806897271314607,0.1132265488804916,0.0418156048403023,0.13555153802842443,0.056127023101722934,0.015731533069657327,True,True,-0.09137637247302342,0.17700289270314545,-0.2893787590496622,0.5273896345698617
2021-09-30,NRC Emotion Lexicon,positive,Positive emotion,COVID-to-climate,705,4,1,0.1279373353785231,0.2665107658964435,0.0936519984048974,0.11456042772317523,0.41393694292937244,0.3317019121120612,0.2086765046259252,0.1821423105339515,0.2899201432784879,0.5298402244710936,True,True,-0.10453100248233843,0.6621240755135567,-1.1655658345792645,0.5817758729237903
2021-09-30,NRC Emotion Lexicon,positive,Positive emotion,climate-to-COVID,705,2,1,0.0186067273009892,0.1542675312076257,0.011931769733943894,0.011880516202061457,0.3155860694579517,0.0627006331046249,0.2863014873005786,0.014821157427403047,0.029767539675190986,0.6185569088853319,True,True,0.42970652937250314,3.803324689966387e-05,-5.208546497591396,2.071812406393542e-08
2021-09-30,LIWC-22,emo_anger,Anger,COVID-to-climate,705,1,1,0.1727155319875535,0.0692725337527371,0.18727717720412193,0.09535753043612549,0.04994436633847398,0.0392291581988153,0.7317487718547744,0.053578670948182,0.1221184102430527,0.6608473311138262,True,True,0.2708046759297101,0.3065382528484941,1.4641056110192154,0.43100534715596306
2021-09-30,LIWC-22,emo_anger,Anger,climate-to-COVID,705,4,1,0.023355996576556,0.088002756150989,0.02613131408261586,0.013765187004960192,0.05807462198772374,0.056224983238639,0.5271870885287441,0.08217573739038886,0.08947885331884012,0.3584190915511978,True,True,-0.006373016627779078,0.9238122067819075,-1.1210385260067393,0.034369232367384026
2021-09-30,LIWC-22,emo_sad,Sadness,COVID-to-climate,705,1,1,0.2080178600783643,0.0589348571570351,0.1903717101344103,0.11065762620825682,0.08582206802419333,0.1926153332193929,0.0880778944732302,0.15627389402409836,0.1132204730752282,0.16750605190303192,True,True,-0.6655542988393595,0.026050211866511783,3.3701226204180763,0.15190119746416958
2021-09-30,LIWC-22,emo_sad,Sadness,climate-to-COVID,705,2,1,0.0440338222518262,0.0381129180643918,0.0408304691833284,0.02111124138536676,0.05352182377533143,0.1142875081377189,0.0043201032886487,0.10174388267802695,0.03900037874141582,0.009086240830612385,True,True,-0.22158840394098692,0.05213008629026689,0.31980380461938374,0.7148787789103884
2021-09-30,LIWC-22,emo_anx,Anxiety,COVID-to-climate,705,1,1,0.2897081434487697,0.0766720786708781,0.3060231366416095,0.17379661124252369,0.07872102746944666,0.5118052659565404,0.0003252396758774,0.5383758906511948,0.16445401571259605,0.0010614289390036868,True,True,0.3185389479884747,0.3241731296671503,-1.878604124482902,0.40419598871732754
2021-09-30,LIWC-22,emo_anx,Anxiety,climate-to-COVID,705,3,1,0.0148957737751313,0.1476715596282124,0.01603146985558492,0.010404509845695598,0.12382871374140322,0.0748881803424681,0.1203887368656036,0.07532296983099913,0.04273454908662276,0.0779717148808536,True,True,-0.20783128201636897,0.0013126094649862758,0.32591359393001434,0.5215081047815961
2021-09-30,LIWC-22,emo_neg,Negative emotion,COVID-to-climate,705,1,1,0.1092371736626021,0.1335630355459932,0.1218811241141869,0.07589434768831815,0.10875458102922636,0.1291346036316797,0.0380442530337573,0.15152966728809902,0.07059939864313115,0.031846591990995744,True,True,0.3482213449888189,0.19562183760824137,-1.3209870141883262,0.5287877297029207
2021-09-30,LIWC-22,emo_neg,Negative emotion,climate-to-COVID,705,3,1,0.0261849936595148,0.1879074914760269,0.02886572973767629,0.019993000100388215,0.14926081492561466,0.1752251582576113,0.1187893531125269,0.1803891138730905,0.09742503072671235,0.06408781594394213,True,True,-0.4677419707249287,0.0007277611310658493,1.182499832093903,0.2755970552438502
2021-09-30,LIWC-22,emo_pos,Positive emotion,COVID-to-climate,705,1,1,0.0321102221961924,0.8825162263507196,0.023030169669042408,0.21272694477661314,0.9138201742188721,-0.227639700985159,0.2934602781585386,-0.2542156107484672,0.2139890139833541,0.23483955511947485,True,True,-0.458283377392909,0.13672393765992907,0.5885141071750063,0.8422886636817439
2021-09-30,LIWC-22,emo_pos,Positive emotion,climate-to-COVID,705,6,1,0.0029138953077292,0.8640240216974082,0.002935244421972532,0.016971681633703366,0.8627430965099164,-0.001840519031836,0.9866689015972516,-0.0018379444081964014,0.10816823420471008,0.9864433683675939,True,True,0.027015441693006032,0.6686306616822485,-0.26127548545215074,0.6598648854578224
2021-09-30,VADER,negative,Negative sentiment,COVID-to-climate,705,2,1,0.2941892890664916,0.0024111778928872,0.3051621625435928,0.09591965908324697,0.0015324330412992584,0.2735489780228813,0.0004821263253946,0.2781739674927645,0.07861716508848421,0.0004026568959665708,True,True,0.24773868407031022,0.15508934664635296,0.6130710136449893,0.6740066101532167
2021-09-30,VADER,negative,Negative sentiment,climate-to-COVID,705,2,1,0.0506286979701547,0.0035874704934223,0.0529269007563049,0.017358808598546615,0.0023856252368262636,0.1939755738748597,0.1114466456537359,0.22159492727902752,0.1292840735450525,0.08652584894777214,True,True,-0.14406744311005953,0.0664504492710865,0.18443811415361544,0.7607355784867827
2021-09-30,VADER,positive,Positive sentiment,COVID-to-climate,705,4,1,0.0782212932273702,0.6754107667657445,0.05144494191099561,0.18469383558048527,0.7806818372380171,0.0745476188746173,0.8178463784087184,-0.050024127660530014,0.291687055417396,0.8638311758548446,True,False,-0.05250364491350238,0.807200003013395,-1.7092789390334535,0.3679695440091738
2021-09-30,VADER,positive,Positive sentiment,climate-to-COVID,705,2,1,0.0025382056592539,0.812126946446075,0.0013214066189256122,0.010491380741861697,0.8998075988984711,-0.0076971230545825,0.8719958094503826,-0.015631003676727023,0.04362605886150523,0.7201224751626634,True,True,0.02449502176369409,0.5505302739577216,-0.6664428643817574,0.0972405663660623
