date,climate_only_comments,covid_only_comments,co_mention_comments,total_comments,co_mention_share_pct,US_daily_covid_death
2020-01-21,3229,664,6,3899,0.18547140649149924,0
2020-01-22,3804,957,21,4782,0.5490196078431373,0
2020-01-23,3003,2081,13,5097,0.43103448275862066,0
2020-01-24,3192,3413,17,6622,0.5297600498597694,0
2020-01-25,2264,4379,18,6661,0.7887817703768624,0
2020-01-26,2042,4906,28,6976,1.3526570048309179,0
2020-01-27,2412,5318,30,7760,1.2285012285012284,0
2020-01-28,2486,5502,33,8021,1.3100436681222707,0
2020-01-29,2685,4675,27,7387,0.995575221238938,0
2020-01-30,2613,5581,34,8228,1.2844729882886285,0
2020-01-31,2283,5996,31,8310,1.3396715643906656,0
2020-02-01,1948,4724,22,6694,1.116751269035533,0
2020-02-02,1864,4124,17,6005,0.9037745879851143,0
2020-02-03,2197,3988,18,6203,0.8126410835214447,0
2020-02-04,2476,3953,17,6446,0.681909346169274,0
2020-02-05,2339,3770,16,6125,0.6794055201698515,0
2020-02-06,2179,3739,20,5938,0.9095043201455207,0
2020-02-07,2560,4201,17,6778,0.6596818005432673,0
2020-02-08,2650,3287,21,5958,0.786222388618495,0
2020-02-09,2233,3227,18,5478,0.7996446023989338,0
2020-02-10,2570,4028,21,6619,0.8104978772674644,0
2020-02-11,2546,3918,29,6493,1.1262135922330097,0
2020-02-12,3034,3832,25,6891,0.8172605426610003,0
2020-02-13,2924,4033,23,6980,0.7804546996946047,0
2020-02-14,2489,3513,24,6026,0.9550338241146041,0
2020-02-15,2131,3098,22,5251,1.0218300046446818,0
2020-02-16,2153,3219,25,5397,1.147842056932966,0
2020-02-17,2687,3777,27,6491,0.9948415622697125,0
2020-02-18,3375,3505,19,6899,0.5598114319387153,0
2020-02-19,2765,3171,17,5953,0.6110711718188354,0
2020-02-20,2789,3390,19,6198,0.6766381766381766,0
2020-02-21,2417,4372,25,6814,1.0237510237510237,0
2020-02-22,2077,4492,13,6582,0.6220095693779905,0
2020-02-23,2355,4925,36,7316,1.5056461731493098,0
2020-02-24,2593,8230,54,10877,2.040045334340763,0
2020-02-25,2827,9597,54,12478,1.8743491843110032,0
2020-02-26,2800,11641,70,14511,2.4390243902439024,0
2020-02-27,2515,16508,89,19112,3.417818740399386,0
2020-02-28,2407,18653,96,21156,3.835397522972433,0
2020-02-29,2052,16789,99,18940,4.602510460251046,1
2020-03-01,2194,14860,85,17139,3.7297060114085125,0
2020-03-02,2231,17556,72,19859,3.1263569257490227,1
2020-03-03,2682,18844,85,21611,3.0719190458980847,0
2020-03-04,4360,18798,114,23272,2.548055431381314,6
2020-03-05,2884,19718,142,22744,4.692663582286848,3
2020-03-06,2301,20632,113,23046,4.68102734051367,2
2020-03-07,1768,20207,77,22052,4.173441734417344,3
2020-03-08,2119,20013,111,22243,4.977578475336323,3
2020-03-09,2286,26231,153,28670,6.273062730627306,5
2020-03-10,2377,32803,178,35358,6.966731898238747,4
2020-03-11,3585,39739,259,43583,6.73777315296566,4
2020-03-12,2339,63284,334,65957,12.495323606434718,7
2020-03-13,1656,63639,283,65578,14.595152140278495,12
2020-03-14,1336,51457,201,52994,13.077423552374757,7
2020-03-15,1408,50481,242,52131,14.666666666666666,11
2020-03-16,1847,57264,286,59397,13.408345053914674,13
2020-03-17,1541,59203,268,61012,14.814814814814813,18
2020-03-18,1903,63463,328,65694,14.701927386822053,21
2020-03-19,1710,63389,295,65394,14.713216957605985,28
2020-03-20,1198,63357,276,64831,18.724559023066487,64
2020-03-21,1186,57228,244,58658,17.062937062937063,69
2020-03-22,1332,57163,295,58790,18.131530424093423,92
2020-03-23,1333,61492,237,63062,15.095541401273884,112
2020-03-24,1330,64269,292,65891,18.002466091245374,118
2020-03-25,1256,61412,261,62929,17.20500988793672,164
2020-03-26,1245,62270,276,63791,18.14595660749507,209
2020-03-27,1255,63395,242,64892,16.165664662658653,301
2020-03-28,1152,52375,231,53758,16.702819956616054,341
2020-03-29,1038,53515,227,54780,17.94466403162055,487
2020-03-30,1077,57277,251,58605,18.90060240963855,556
2020-03-31,1268,55608,248,57124,16.358839050131927,665
2020-04-01,1238,55476,253,56967,16.968477531857815,631
2020-04-02,1241,58315,276,59832,18.19380355965722,982
2020-04-03,1259,57363,261,58883,17.17105263157895,1121
2020-04-04,1006,50443,199,51648,16.51452282157676,1311
2020-04-05,1117,48551,215,49883,16.14114114114114,1376
2020-04-06,1111,55580,218,56909,16.4033107599699,1540
2020-04-07,1054,52574,176,53804,14.308943089430896,1873
2020-04-08,2008,53788,268,56064,11.775043936731107,1691
2020-04-09,1720,50793,257,52770,12.999494183105718,2093
2020-04-10,1374,45912,186,47472,11.923076923076923,2221
2020-04-11,1272,41926,175,43373,12.093987560469937,2230
2020-04-12,1199,40495,172,41866,12.545587162654998,2241
2020-04-13,1729,44772,193,46694,10.04162330905307,2192
2020-04-14,1869,46242,230,48341,10.95759885659838,1857
2020-04-15,1567,54127,229,55923,12.750556792873052,1905
2020-04-16,1450,50122,207,51779,12.492456246228123,2432
2020-04-17,1421,45952,197,47570,12.175525339925834,2731
2020-04-18,1127,41608,162,42897,12.56788207913111,2445
2020-04-19,1168,43315,176,44659,13.095238095238097,2336
2020-04-20,1404,45374,195,46973,12.195121951219512,1848
2020-04-21,1428,46299,218,47945,13.24422843256379,1993
2020-04-22,1823,47775,323,49921,15.051258154706431,2077
2020-04-23,1658,45624,223,47505,11.855396065922381,2673
2020-04-24,1512,44224,194,45930,11.371629542790153,2221
2020-04-25,1272,37083,153,38508,10.73684210526316,1984
2020-04-26,1254,36842,150,38246,10.683760683760683,2103
2020-04-27,1179,41539,157,42875,11.751497005988023,1892
2020-04-28,1365,42335,220,43920,13.880126182965299,1535
2020-04-29,1291,42447,162,43900,11.149346180316586,1489
2020-04-30,1590,43213,210,45013,11.666666666666666,2111
2020-05-01,1375,40525,157,42057,10.248041775456919,2417
2020-05-02,1005,32533,125,33663,11.061946902654867,2238
2020-05-03,1101,35035,146,36282,11.708099438652766,1953
2020-05-04,1128,39307,171,40606,13.163972286374134,1609
2020-05-05,1348,40624,166,42138,10.96433289299868,1412
2020-05-06,1276,39889,179,41344,12.302405498281786,1271
2020-05-07,1268,40325,158,41751,11.079943899018232,2434
2020-05-08,1154,38493,154,39801,11.773700305810397,2341
2020-05-09,1402,34876,151,36429,9.723116548615582,2033
2020-05-10,1225,34729,152,36106,11.038489469862018,1658
2020-05-11,1335,37613,162,39110,10.821643286573146,1491
2020-05-12,1342,39769,140,41251,9.446693657219974,1073
2020-05-13,1373,41114,173,42660,11.190168175937904,1034
2020-05-14,1328,42478,172,43978,11.466666666666667,1533
2020-05-15,1367,40731,177,42275,11.463730569948186,1507
2020-05-16,1110,33027,120,34257,9.75609756097561,1943
2020-05-17,1149,33170,146,34465,11.274131274131275,1549
2020-05-18,1302,39122,153,40577,10.515463917525773,1239
2020-05-19,1376,37379,167,38922,10.823071937783538,927
2020-05-20,1182,35600,178,36960,13.088235294117649,946
2020-05-21,1243,38229,169,39641,11.968838526912181,1179
2020-05-22,1131,35776,163,37070,12.59659969088099,1374
2020-05-23,1120,30655,125,31900,10.040160642570282,1083
2020-05-24,1103,32335,127,33565,10.325203252032521,1810
2020-05-25,1121,33620,161,34902,12.558502340093602,937
2020-05-26,1532,36866,162,38560,9.563164108618654,788
2020-05-27,1291,34857,137,36285,9.593837535014007,687
2020-05-28,1179,35532,120,36831,9.237875288683602,811
2020-05-29,974,32252,167,33393,14.636283961437336,1285
2020-05-30,933,27673,95,28701,9.241245136186771,1251
2020-05-31,967,31382,126,32475,11.527904849039341,1051
2020-06-01,1112,34885,125,36122,10.105092966855295,906
2020-06-02,1132,33265,152,34549,11.838006230529595,673
2020-06-03,1186,34442,158,35786,11.755952380952381,691
2020-06-04,1196,34315,125,35636,9.462528387585163,934
2020-06-05,1176,32640,133,33949,10.16042780748663,1022
2020-06-06,891,26855,115,27861,11.43141153081511,885
2020-06-07,1071,26620,81,27772,7.03125,876
2020-06-08,1095,30868,113,32076,9.35430463576159,669
2020-06-09,1187,28744,112,30043,8.622016936104696,593
2020-06-10,1180,28800,129,30109,9.854851031321619,776
2020-06-11,1018,28746,110,29874,9.75177304964539,827
2020-06-12,1101,27905,103,29109,8.554817275747508,882
2020-06-13,887,25076,86,26049,8.83864337101747,888
2020-06-14,990,23556,92,24638,8.502772643253234,735
2020-06-15,1096,28991,120,30207,9.868421052631579,685
2020-06-16,1178,30940,107,32225,8.326848249027236,489
2020-06-17,1372,31147,101,32620,6.8567549219280375,525
2020-06-18,1178,28995,144,30317,10.892586989409985,674
2020-06-19,1420,30880,152,32452,9.669211195928753,684
2020-06-20,1039,27809,130,28978,11.120615911035072,643
2020-06-21,1449,27980,139,29568,8.753148614609572,755
2020-06-22,1538,30653,183,32374,10.63335270191749,576
2020-06-23,1550,33168,165,34883,9.620991253644315,413
2020-06-24,1499,35165,146,36810,8.875379939209726,415
2020-06-25,1437,36523,170,38130,10.578718108276291,746
2020-06-26,1483,38966,181,40630,10.877403846153847,692
2020-06-27,1157,33960,172,35289,12.942061700526711,2533
2020-06-28,1131,32174,140,33445,11.014948859166012,706
2020-06-29,1274,35442,159,36875,11.095603628750872,593
2020-06-30,1678,37873,201,39752,10.697179350718468,439
2020-07-01,1657,37939,181,39777,9.84766050054407,461
2020-07-02,1241,39943,183,41367,12.851123595505618,662
2020-07-03,1343,36693,160,38196,10.645375914836992,782
2020-07-04,1341,31154,151,32646,10.120643431635388,704
2020-07-05,1259,30860,138,32257,9.87831066571224,810
2020-07-06,1292,38517,163,39972,11.202749140893472,539
2020-07-07,1341,41382,155,42878,10.36096256684492,460
2020-07-08,1698,45055,211,46964,11.05290728129911,598
2020-07-09,1536,41108,171,42815,10.017574692442881,928
2020-07-10,1440,42133,201,43774,12.248628884826324,1079
2020-07-11,1187,36224,165,37576,12.20414201183432,961
2020-07-12,1155,37829,147,39131,11.29032258064516,964
2020-07-13,1309,43860,189,45358,12.616822429906541,889
2020-07-14,1604,46832,210,48646,11.57662624035281,840
2020-07-15,1654,45319,224,47197,11.92758253461129,731
2020-07-16,1531,45423,241,47195,13.600451467268623,914
2020-07-17,1467,43513,235,45215,13.807285546415981,1122
2020-07-18,1153,33590,150,34893,11.511895625479662,1089
2020-07-19,1116,36468,152,37736,11.987381703470032,1081
2020-07-20,1306,40894,196,42396,13.049267643142477,1005
2020-07-21,1433,40317,136,41886,8.667941363926067,932
2020-07-22,1473,39938,157,41568,9.631901840490798,867
2020-07-23,1424,39140,169,40733,10.608913998744507,1193
2020-07-24,1302,41304,172,42778,11.668928086838534,1191
2020-07-25,1156,33386,153,34695,11.688311688311687,1254
2020-07-26,1152,32825,143,34120,11.042471042471043,1284
2020-07-27,1385,40945,179,42509,11.445012787723785,1148
2020-07-28,1707,44109,181,45997,9.586864406779661,951
2020-07-29,1465,42485,184,44134,11.158277744087327,936
2020-07-30,1506,47408,150,49064,9.057971014492754,1163
2020-07-31,1351,43951,171,45473,11.235216819973719,1179
2020-08-01,1017,34963,123,36103,10.789473684210527,1400
2020-08-02,1060,36218,141,37419,11.740216486261449,1369
2020-08-03,1378,40488,166,42032,10.751295336787564,1164
2020-08-04,1541,42780,234,44555,13.183098591549298,922
2020-08-05,1816,39168,336,41320,15.613382899628252,853
2020-08-06,1592,40120,185,41897,10.410804727068092,1072
2020-08-07,1579,36949,210,38738,11.738401341531581,1260
2020-08-08,1313,32605,155,34073,10.558583106267031,1211
2020-08-09,1233,33253,141,34627,10.262008733624455,1317
2020-08-10,1474,38673,156,40303,9.570552147239264,1043
2020-08-11,1610,40893,177,42680,9.904868494683827,900
2020-08-12,1652,38249,195,40096,10.557661072008663,795
2020-08-13,1530,38846,183,40559,10.683012259194395,1098
2020-08-14,1557,37294,180,39031,10.362694300518134,1326
2020-08-15,1547,30666,162,32375,9.479227618490345,1195
2020-08-16,1382,31050,162,32594,10.492227979274611,1047
2020-08-17,1542,34578,165,36285,9.666080843585236,952
2020-08-18,1611,35023,195,36829,10.79734219269103,889
2020-08-19,2040,33273,143,35456,6.550618415025195,637
2020-08-20,1830,34996,205,37031,10.073710073710075,928
2020-08-21,1641,32922,205,34768,11.105092091007585,1264
2020-08-22,1362,28486,147,29995,9.74155069582505,1000
2020-08-23,1512,28746,149,30407,8.97049969897652,1007
2020-08-24,1735,34444,194,36373,10.057024364955936,1006
2020-08-25,1625,33765,188,35578,10.369553226696084,836
2020-08-26,1804,33974,161,35939,8.193384223918574,584
2020-08-27,1866,32496,205,34567,9.898599710284886,880
2020-08-28,1482,32453,170,34105,10.290556900726394,1062
2020-08-29,1312,27217,130,28659,9.015256588072122,940
2020-08-30,1264,28737,169,30170,11.79344033496162,1035
2020-08-31,1326,34806,161,36293,10.827168796234028,839
2020-09-01,1558,33510,183,35251,10.511200459506032,717
2020-09-02,1677,38116,173,39966,9.35135135135135,553
2020-09-03,1647,35365,169,37181,9.306167400881057,860
2020-09-04,1400,31346,162,32908,10.371318822023047,884
2020-09-05,1275,25322,145,26742,10.211267605633804,948
2020-09-06,1417,26498,149,28064,9.514687100893997,904
2020-09-07,1896,27555,153,29604,7.46705710102489,801
2020-09-08,2127,31620,201,33948,8.6340206185567,685
2020-09-09,2076,34055,144,36275,6.486486486486487,417
2020-09-10,3070,36133,281,39484,8.385556550283498,553
2020-09-11,2682,34351,212,37245,7.325501036627505,826
2020-09-12,2775,28549,241,31565,7.990716180371353,832
2020-09-13,2740,27898,219,30857,7.401149036836769,863
2020-09-14,3213,32845,283,36341,8.094965675057209,662
2020-09-15,4721,32317,389,37427,7.61252446183953,720
2020-09-16,3424,34269,344,38037,9.129511677282377,359
2020-09-17,2654,34389,281,37324,9.574105621805792,801
2020-09-18,2649,32085,254,34988,8.749569410954185,1099
2020-09-19,2065,25340,221,27626,9.667541557305338,732
2020-09-20,1704,25318,176,27198,9.361702127659575,803
2020-09-21,2087,29733,188,32008,8.263736263736265,674
2020-09-22,1932,32634,237,34803,10.926694329183956,484
2020-09-23,2221,32792,213,35226,8.751027115858669,537
2020-09-24,2440,30118,215,32773,8.097928436911488,660
2020-09-25,1774,29243,194,31211,9.857723577235772,903
2020-09-26,1655,24855,154,26664,8.51299060254284,740
2020-09-27,1647,25959,208,27814,11.212938005390836,778
2020-09-28,2195,27776,253,30224,10.334967320261438,664
2020-09-29,2116,32334,221,34671,9.456568249893026,502
2020-09-30,3341,31095,332,34768,9.038932752518377,400
2020-10-01,2115,30788,199,33102,8.599827139152982,795
2020-10-02,1677,54263,188,56128,10.080428954423592,686
2020-10-03,1205,37457,142,38804,10.541945063103192,733
2020-10-04,1449,34703,157,36309,9.775840597758407,907
2020-10-05,1608,42358,167,44133,9.408450704225352,565
2020-10-06,1592,46092,200,47884,11.160714285714286,598
2020-10-07,1671,40252,204,42127,10.879999999999999,508
2020-10-08,2562,39984,278,42824,9.788732394366196,635
2020-10-09,1662,34534,163,36359,8.931506849315069,782
2020-10-10,1655,28479,171,30305,9.364731653888281,735
2020-10-11,1599,28967,165,30731,9.35374149659864,792
2020-10-12,1580,32645,189,34414,10.6840022611645,681
2020-10-13,1778,33628,200,35606,10.111223458038422,573
2020-10-14,2358,33449,181,35988,7.128790862544308,497
2020-10-15,2011,34749,205,36965,9.250902527075812,652
2020-10-16,1911,31761,194,33866,9.216152019002376,821
2020-10-17,1436,25867,166,27469,10.362047440699126,697
2020-10-18,1525,29062,144,30731,8.627920910724985,880
2020-10-19,1746,33130,209,35085,10.690537084398976,693
2020-10-20,1788,36026,241,38055,11.877772301626417,733
2020-10-21,1722,34182,201,36105,10.452418096723868,612
2020-10-22,1974,33346,235,35555,10.638297872340425,791
2020-10-23,2424,32963,266,35653,9.888475836431226,1059
2020-10-24,1601,30077,181,31859,10.15712682379349,916
2020-10-25,1779,31493,212,33484,10.647915620291311,919
2020-10-26,2268,38918,280,41466,10.989010989010989,836
2020-10-27,2453,38072,261,40786,9.616801768607223,601
2020-10-28,2296,41192,258,43746,10.101801096319498,682
2020-10-29,2326,39324,342,41992,12.818590704647676,896
2020-10-30,2408,35380,234,38022,8.856926570779713,1063
2020-10-31,1735,32834,219,34788,11.20777891504606,1110
2020-11-01,1444,33496,183,35123,11.247695144437616,908
2020-11-02,1847,37076,273,39196,12.877358490566039,942
2020-11-03,2083,34903,272,37258,11.549893842887474,708
2020-11-04,2573,35432,405,38410,13.599731363331093,738
2020-11-05,2276,33051,316,35643,12.191358024691358,1031
2020-11-06,1825,33876,251,35952,12.090558766859345,1298
2020-11-07,1939,31648,338,33925,14.844093104962669,1227
2020-11-08,2226,33336,404,35966,15.361216730038022,1260
2020-11-09,2039,37809,261,40109,11.347826086956522,1095
2020-11-10,1767,36395,199,38361,10.12207527975585,882
2020-11-11,1639,34547,187,36373,10.240963855421686,930
2020-11-12,1752,39023,217,40992,11.020822752666328,1674
2020-11-13,1910,40846,233,42989,10.872608492767148,1518
2020-11-14,1497,35288,182,36967,10.839785586658724,1347
2020-11-15,1735,37964,265,39964,13.25,1271
2020-11-16,1791,45366,245,47402,12.033398821218075,1472
2020-11-17,2084,45490,235,47809,10.133678309616213,1027
2020-11-18,2207,47197,328,49732,12.938856015779093,1018
2020-11-19,1886,45408,253,47547,11.827956989247312,1591
2020-11-20,1501,44636,211,46348,12.324766355140188,1833
2020-11-21,1588,37554,221,39363,12.216694306246545,1920
2020-11-22,1432,36142,187,37761,11.550339715873996,1959
2020-11-23,1823,42436,200,44459,9.886307464162135,1724
2020-11-24,1621,41212,185,43018,10.243632336655592,1303
2020-11-25,1449,41369,222,43040,13.285457809694792,1413
2020-11-26,1244,37680,158,39082,11.269614835948644,1889
2020-11-27,1691,33824,187,35702,9.957401490947817,2289
2020-11-28,1339,31989,155,33483,10.37483266398929,1674
2020-11-29,1123,34809,145,36077,11.43533123028391,1658
2020-11-30,1504,39253,159,40916,9.561034275405893,1506
2020-12-01,1532,42003,172,43707,10.093896713615024,1281
2020-12-02,1473,40883,177,42533,10.727272727272727,1546
2020-12-03,1594,43718,195,45507,10.899944102850755,2379
2020-12-04,1598,41587,218,43403,12.004405286343612,2756
2020-12-05,1298,37223,144,38665,9.986130374479888,2740
2020-12-06,1233,36102,151,37486,10.910404624277456,2593
2020-12-07,1499,41727,212,43438,12.39041496201052,2376
2020-12-08,1521,45763,186,47470,10.896309314586995,1588
2020-12-09,1384,47125,163,48672,10.536522301228183,1973
2020-12-10,1276,38930,153,40359,10.706787963610918,2561
2020-12-11,1365,40474,160,41999,10.491803278688524,3323
2020-12-12,1374,33463,159,34996,10.371819960861057,2705
2020-12-13,1536,34028,173,35737,10.122878876535985,3188
2020-12-14,1413,39589,149,41151,9.539052496798977,2440
2020-12-15,1506,38312,139,39957,8.44984802431611,2037
2020-12-16,1494,40597,171,42262,10.27027027027027,1955
2020-12-17,1539,41234,175,42948,10.210035005834307,2758
2020-12-18,1667,39981,155,41803,8.507135016465423,3389
2020-12-19,1240,36021,133,37394,9.68681718863802,3338
2020-12-20,1111,38735,105,39951,8.634868421052632,2949
2020-12-21,1226,45394,175,46795,12.491077801570306,2727
2020-12-22,1271,43759,149,45179,10.492957746478874,2090
2020-12-23,1156,42848,124,44128,9.6875,2129
2020-12-24,1001,33661,112,34774,10.062893081761008,2891
2020-12-25,904,27580,96,28580,9.6,3238
2020-12-26,1008,29941,85,31034,7.77676120768527,3021
2020-12-27,1304,35795,125,37224,8.74737578726382,2237
2020-12-28,1573,38952,174,40699,9.959931310818545,1650
2020-12-29,1237,42484,147,43868,10.621387283236993,1903
2020-12-30,1156,45549,181,46886,13.537771129394166,2180
2020-12-31,1234,43991,185,45410,13.03735024665257,3351
2021-01-01,953,35394,139,36486,12.728937728937728,3763
2021-01-02,1140,41229,152,42521,11.76470588235294,3754
2021-01-03,1290,41350,132,42772,9.282700421940929,3049
2021-01-04,1378,45489,166,47033,10.751295336787564,2384
2021-01-05,1361,46953,176,48490,11.450878334417697,2044
2021-01-06,1538,42846,212,44596,12.114285714285716,2029
2021-01-07,1250,34317,178,35745,12.46498599439776,3496
2021-01-08,1280,37491,168,38939,11.602209944751381,3855
2021-01-09,1335,32975,138,34448,9.368635437881874,3978
2021-01-10,1503,33443,181,35127,10.748218527315915,3711
2021-01-11,1240,37356,140,38736,10.144927536231885,3411
2021-01-12,1623,39959,152,41734,8.56338028169014,2555
2021-01-13,1582,39814,169,41565,9.651627641347801,2534
2021-01-14,1489,37723,167,39379,10.084541062801932,3600
2021-01-15,1498,39336,173,41007,10.353081986834232,4066
2021-01-16,1343,32485,144,33972,9.68392737054472,3762
2021-01-17,1486,33646,138,35270,8.497536945812808,3384
2021-01-18,1583,35074,170,36827,9.697661152310324,3549
2021-01-19,1609,37642,150,39401,8.527572484366116,2600
2021-01-20,1764,37264,266,39294,13.10344827586207,2250
2021-01-21,2549,38733,254,41536,9.061719586157688,2738
2021-01-22,2011,39660,178,41849,8.131566925536776,3826
2021-01-23,1361,34009,142,35512,9.44777112441783,3853
2021-01-24,1477,33782,166,35425,10.1034692635423,3679
2021-01-25,1509,39818,179,41506,10.604265402843602,3073
2021-01-26,1820,38773,180,40773,9.0,2477
2021-01-27,1644,38598,169,40411,9.321566464423608,2037
2021-01-28,1717,34806,167,36690,8.86411889596603,3576
2021-01-29,1294,34108,136,35538,9.51048951048951,3950
2021-01-30,1119,31575,121,32815,9.758064516129032,3870
2021-01-31,1158,33115,111,34384,8.747044917257684,3266
2021-02-01,1236,36926,141,38303,10.239651416122005,2827
2021-02-02,1441,36647,127,38215,8.099489795918368,2291
2021-02-03,1504,36250,147,37901,8.903694730466384,2229
2021-02-04,1468,36876,140,38484,8.706467661691542,2947
2021-02-05,1353,39100,140,40593,9.377093101138648,3280
2021-02-06,1208,32608,103,33919,7.856598016781083,3127
2021-02-07,1379,30989,127,32495,8.432934926958831,3399
2021-02-08,1385,36132,118,37635,7.850964737192283,2803
2021-02-09,1486,38387,156,40029,9.500609013398295,1771
2021-02-10,1317,35729,146,37192,9.979494190020507,1668
2021-02-11,1513,35722,146,37381,8.800482218203737,2470
2021-02-12,1416,35176,138,36730,8.880308880308881,2813
2021-02-13,1262,32177,117,33556,8.484408992023205,3252
2021-02-14,1241,30699,123,32063,9.017595307917889,5061
2021-02-15,1987,32518,139,34644,6.538099717779869,3316
2021-02-16,3552,34301,160,38013,4.310344827586207,1572
2021-02-17,4259,34387,237,38883,5.2713523131672595,1387
2021-02-18,3717,34677,199,38593,5.0817160367722165,1407
2021-02-19,3221,33619,229,37069,6.63768115942029,2181
2021-02-20,2285,29374,167,31826,6.810766721044045,2247
2021-02-21,1771,29942,154,31867,8.0,2322
2021-02-22,1927,34108,165,36200,7.88718929254302,1839
2021-02-23,2122,36328,171,38621,7.4574792847797635,1525
2021-02-24,1942,33607,165,35714,7.831039392501187,1487
2021-02-25,1802,33201,140,35143,7.209062821833162,1718
2021-02-26,1783,31978,145,33906,7.520746887966805,1975
2021-02-27,1555,27760,125,29440,7.440476190476191,2850
2021-02-28,1400,29467,154,31021,9.90990990990991,1966
2021-03-01,1812,32960,137,34909,7.029245767060031,1634
2021-03-02,1744,36722,156,38622,8.210526315789474,1026
2021-03-03,1664,39976,158,41798,8.67178924259056,1323
2021-03-04,1580,36523,168,38271,9.610983981693364,1128
2021-03-05,1394,35199,134,36727,8.769633507853403,1896
2021-03-06,1225,28501,127,29853,9.393491124260354,1515
2021-03-07,1193,29661,118,30972,9.000762776506484,1924
2021-03-08,1379,33251,126,34756,8.372093023255815,1277
2021-03-09,2163,31788,208,34159,8.772669759595107,895
2021-03-10,1594,31867,140,33601,8.073817762399077,802
2021-03-11,1316,32877,119,34312,8.292682926829269,1201
2021-03-12,1439,35389,145,36973,9.154040404040405,1576
2021-03-13,1114,29516,130,30760,10.45016077170418,1317
2021-03-14,1135,28980,113,30228,9.054487179487179,1491
2021-03-15,1520,32209,113,33842,6.9197795468462955,958
2021-03-16,1543,33548,127,35218,7.604790419161676,651
2021-03-17,1647,32692,121,34460,6.843891402714933,693
2021-03-18,1462,33068,95,34625,6.101477199743096,853
2021-03-19,2157,32357,169,34683,7.265692175408427,1075
2021-03-20,2014,30317,126,32457,5.887850467289719,956
2021-03-21,1745,29001,127,30873,6.784188034188034,1078
2021-03-22,2241,34999,128,37368,5.403123680878007,718
2021-03-23,1798,34769,142,36709,7.31958762886598,553
2021-03-24,1864,32662,121,34647,6.095717884130982,938
2021-03-25,1843,32732,129,34704,6.54158215010142,753
2021-03-26,1577,31838,109,33524,6.465005931198102,1126
2021-03-27,1310,25910,115,27335,8.070175438596491,981
2021-03-28,1282,26692,94,28068,6.831395348837209,1042
2021-03-29,1327,33038,123,34488,8.482758620689655,851
2021-03-30,1692,36163,146,38001,7.94341675734494,618
2021-03-31,1813,35372,146,37331,7.452782031648801,548
2021-04-01,1868,33790,134,35792,6.693306693306693,729
2021-04-02,1513,32471,116,34100,7.120933087783916,948
2021-04-03,1380,28191,94,29665,6.377204884667571,816
2021-04-04,1401,28101,105,29607,6.97211155378486,842
2021-04-05,1820,32435,132,34387,6.762295081967213,708
2021-04-06,1654,37437,108,39199,6.129398410896708,532
2021-04-07,1654,38816,105,40575,5.969300739056282,362
2021-04-08,1527,36794,148,38469,8.835820895522389,749
2021-04-09,1764,34204,197,36165,10.04589495155533,821
2021-04-10,1337,28974,137,30448,9.294436906377204,867
2021-04-11,1411,29552,135,31098,8.73221216041397,864
2021-04-12,1445,34626,100,36171,6.472491909385113,740
2021-04-13,2551,37068,172,39791,6.316562614763129,468
2021-04-14,1813,33744,127,35684,6.54639175257732,533
2021-04-15,1755,35596,140,37491,7.387862796833773,751
2021-04-16,1536,34371,134,36041,8.023952095808383,782
2021-04-17,1312,29638,140,31090,9.641873278236915,794
2021-04-18,1644,29171,124,30939,7.013574660633484,807
2021-04-19,1787,35372,155,37314,7.981462409886715,627
2021-04-20,1689,33851,132,35672,7.248764415156507,499
2021-04-21,1664,34845,184,36693,9.956709956709958,463
2021-04-22,2538,36966,183,39687,6.725468577728775,746
2021-04-23,1931,34279,130,36340,6.307617661329452,767
2021-04-24,1460,30327,110,31897,7.006369426751593,784
2021-04-25,1617,33139,140,34896,7.968127490039841,835
2021-04-26,1820,37339,153,39312,7.754688291941206,654
2021-04-27,1844,38740,168,40752,8.34990059642147,435
2021-04-28,1632,40924,164,42720,9.131403118040089,467
2021-04-29,2613,37260,194,40067,6.911293195582473,546
2021-04-30,1748,36464,158,38370,8.289611752360965,832
2021-05-01,1378,29384,106,30868,7.142857142857142,753
2021-05-02,1479,30250,118,31847,7.3888541014402005,806
2021-05-03,1688,35744,152,37584,8.26086956521739,616
2021-05-04,1462,35117,145,36724,9.023024268823896,500
2021-05-05,1641,36065,146,37852,8.17011751538892,470
2021-05-06,1704,35949,158,37811,8.485499462943071,674
2021-05-07,1584,34994,133,36711,7.746068724519511,714
2021-05-08,1423,29142,115,30680,7.477243172951886,671
2021-05-09,1420,27668,127,29215,8.209437621202326,806
2021-05-10,1577,33204,138,34919,8.0466472303207,609
2021-05-11,1510,34628,126,36264,7.701711491442542,408
2021-05-12,1550,35561,147,37258,8.662345315262227,395
2021-05-13,1558,35242,148,36948,8.675263774912075,598
2021-05-14,1528,40487,142,42157,8.502994011976048,679
2021-05-15,1542,32252,117,33911,7.05244122965642,583
2021-05-16,1221,28501,76,29798,5.859676175790286,701
2021-05-17,2009,33410,119,35538,5.592105263157895,442
2021-05-18,1618,33327,124,35069,7.1182548794489096,437
2021-05-19,1533,32118,120,33771,7.259528130671507,362
2021-05-20,1233,30284,128,31645,9.40484937545922,610
2021-05-21,1321,30046,98,31465,6.906272022551092,583
2021-05-22,1166,24494,72,25732,5.815831987075929,541
2021-05-23,1182,25061,80,26323,6.3391442155309035,649
2021-05-24,1433,29751,92,31276,6.032786885245902,409
2021-05-25,1449,30489,122,32060,7.765754296626352,287
2021-05-26,1462,30888,110,32460,6.997455470737914,555
2021-05-27,2114,31659,118,33891,5.28673835125448,518
2021-05-28,1575,29511,112,31198,6.639004149377594,517
2021-05-29,1175,24603,105,25883,8.203125,545
2021-05-30,1239,25528,101,26868,7.537313432835821,703
2021-05-31,1368,25180,76,26624,5.263157894736842,301
2021-06-01,1269,28736,91,30096,6.6911764705882355,254
2021-06-02,1297,29851,117,31265,8.274398868458274,232
2021-06-03,1393,28136,103,29632,6.885026737967914,332
2021-06-04,1446,28261,99,29806,6.407766990291262,492
2021-06-05,1042,22929,96,24067,8.43585237258348,478
2021-06-06,1195,23101,94,24390,7.292474786656323,586
2021-06-07,1491,25204,93,26788,5.871212121212121,394
2021-06-08,1860,26095,120,28075,6.0606060606060606,423
2021-06-09,1879,28153,128,30160,6.37767812655705,322
2021-06-10,2449,29079,130,31658,5.040713454827452,313
2021-06-11,1804,25927,114,27845,5.943691345151199,387
2021-06-12,1354,21579,105,23038,7.196710075394106,382
2021-06-13,1502,23333,122,24957,7.512315270935961,403
2021-06-14,1839,26556,124,28519,6.316861946001019,208
2021-06-15,2061,27773,138,29972,6.2755798090040935,152
2021-06-16,2069,29318,150,31537,6.7598017124831005,199
2021-06-17,2203,26762,153,29118,6.494057724957555,316
2021-06-18,2103,26549,125,28777,5.6104129263913824,336
2021-06-19,1751,24798,98,26647,5.300162249864792,279
2021-06-20,1611,23522,100,25233,5.844535359438924,272
2021-06-21,1644,25147,113,26904,6.4314171883893,251
2021-06-22,1871,27499,122,29492,6.121424987456097,223
2021-06-23,1885,27680,124,29689,6.172224987555998,266
2021-06-24,2033,25787,124,27944,5.748725081131201,308
2021-06-25,2384,25261,114,27759,4.563650920736589,326
2021-06-26,1983,22738,116,24837,5.526441162458314,315
2021-06-27,2157,22415,119,24691,5.228471001757469,412
2021-06-28,2845,27975,168,30988,5.575838035180883,242
2021-06-29,3906,27843,202,31951,4.917234664070107,173
2021-06-30,4564,29007,215,33786,4.498849131617493,183
2021-07-01,3160,24534,173,27867,5.1905190519051905,282
2021-07-02,3221,22540,160,25921,4.732327713694174,244
2021-07-03,3076,18548,138,21762,4.293714996888612,289
2021-07-04,2425,19616,128,22169,5.013709361535448,304
2021-07-05,2132,23352,128,25612,5.663716814159292,152
2021-07-06,2419,28425,134,30978,5.248726987857422,125
2021-07-07,2695,26817,149,29661,5.239099859353024,103
2021-07-08,2730,27694,160,30584,5.536332179930796,301
2021-07-09,2432,27103,129,29664,5.037094884810621,250
2021-07-10,2217,21907,146,24270,6.178586542530681,262
2021-07-11,1969,22221,138,24328,6.5495965828191745,316
2021-07-12,2842,26378,149,29369,4.981611501170177,149
2021-07-13,2554,29653,143,32350,5.302187615869484,119
2021-07-14,2748,28398,158,31304,5.437026841018582,295
2021-07-15,3074,29653,167,32894,5.152730638691762,337
2021-07-16,3093,32653,201,35947,6.10200364298725,342
2021-07-17,2489,28517,181,31187,6.7790262172284645,319
2021-07-18,2457,27917,171,30545,6.506849315068493,370
2021-07-19,2347,35596,184,38127,7.2698538127222445,183
2021-07-20,2809,36899,228,39936,7.507408626934476,146
2021-07-21,4204,35738,283,40225,6.3071094272342325,284
2021-07-22,3250,36504,231,39985,6.63602413099684,320
2021-07-23,2732,37315,202,40249,6.8847989093387865,399
2021-07-24,2141,31773,195,34109,8.347602739726028,338
2021-07-25,2183,31248,172,33603,7.3036093418259025,414
2021-07-26,3057,37867,227,41151,6.912302070645554,254
2021-07-27,2971,38619,203,41793,6.395715185885319,249
2021-07-28,2835,44690,230,47755,7.504078303425775,411
2021-07-29,3820,43394,279,47493,6.806538180043913,499
2021-07-30,2651,44711,237,47599,8.206371191135734,494
2021-07-31,2001,38829,235,41065,10.509838998211091,495
2021-08-01,1881,39322,186,41389,8.99854862119013,525
2021-08-02,3367,42017,346,45730,9.318610288176677,395
2021-08-03,2857,44064,263,47184,8.42948717948718,370
2021-08-04,2038,45418,189,47645,8.486753480017962,656
2021-08-05,2473,47462,224,50159,8.305524657026325,700
2021-08-06,2874,45649,281,48804,8.906497622820918,741
2021-08-07,2547,39130,248,41925,8.87298747763864,753
2021-08-08,2235,37956,193,40384,7.948929159802306,838
2021-08-09,6198,44108,589,50895,8.678355679976425,648
2021-08-10,6107,49230,434,55771,6.6350710900473935,527
2021-08-11,4595,49349,380,54324,7.63819095477387,720
2021-08-12,4047,47399,371,51817,8.397464916251698,961
2021-08-13,3513,49251,353,53117,9.130884635281946,612
2021-08-14,3346,41648,328,45322,8.927599346761024,973
2021-08-15,2944,41953,307,45204,9.443248231313442,1196
2021-08-16,3196,40613,324,44133,9.204545454545453,904
2021-08-17,2638,42503,249,45390,8.6248701073779,679
2021-08-18,2294,43226,234,45754,9.25632911392405,845
2021-08-19,2435,44698,262,47395,9.71449758991472,1193
2021-08-20,2452,43545,224,46221,8.370702541106128,1497
2021-08-21,2079,41782,221,44082,9.608695652173912,1381
2021-08-22,2282,43563,214,46059,8.573717948717949,1556
2021-08-23,2814,50280,231,53325,7.586206896551724,1169
2021-08-24,2628,52952,274,55854,9.441764300482426,899
2021-08-25,2434,54420,258,57112,9.583952451708768,1205
2021-08-26,2185,58872,279,61336,11.32305194805195,1655
2021-08-27,2131,51654,252,54037,10.574905581200168,1658
2021-08-28,1846,43080,182,45108,8.974358974358974,1760
2021-08-29,2318,44014,255,46587,9.910610182666149,1837
2021-08-30,2892,48139,251,51282,7.986000636334713,1460
2021-08-31,2897,50436,255,53588,8.09010152284264,1183
2021-09-01,2456,53214,257,55927,9.472908219683006,1243
2021-09-02,3112,58072,284,61468,8.362779740871613,1807
2021-09-03,2971,48209,253,51433,7.847394540942928,2015
2021-09-04,2019,41753,197,43969,8.889891696750903,2028
2021-09-05,2008,37822,207,40037,9.345372460496613,1973
2021-09-06,2816,39917,283,43016,9.131978057437882,1490
2021-09-07,2768,44019,329,47116,10.623183726186632,1324
2021-09-08,2850,46915,329,50094,10.349166404529726,1092
2021-09-09,2525,47912,233,50670,8.448150833937635,1522
2021-09-10,2267,57655,274,60196,10.783156237701693,2119
2021-09-11,1908,41566,205,43679,9.70184571699006,2246
2021-09-12,2217,37796,232,40245,9.473254389546753,2292
2021-09-13,2631,44237,244,47112,8.486956521739131,1739
2021-09-14,2970,47190,272,50432,8.389882788402222,1140
2021-09-15,2632,45631,202,48465,7.127734650670431,1352
2021-09-16,2439,47380,208,50027,7.857952398942198,2413
2021-09-17,2579,45169,275,48023,9.635599159074983,2499
2021-09-18,2495,35132,225,37852,8.272058823529411,2108
2021-09-19,2241,35117,229,37587,9.271255060728745,2339
2021-09-20,2291,41694,231,44216,9.1593973037272,1589
2021-09-21,2747,45383,291,48421,9.578670177748519,1194
2021-09-22,2521,42538,236,45295,8.560029017047516,1368
2021-09-23,2912,41232,216,44360,6.905370843989769,2345
2021-09-24,2602,37019,215,39836,7.632232871849485,2350
2021-09-25,2291,30291,153,32735,6.260229132569559,2073
2021-09-26,2101,32393,170,34664,7.485689123734038,2465
2021-09-27,2645,38277,207,41129,7.258064516129033,1435
2021-09-28,2319,39736,205,42260,8.12202852614897,1019
2021-09-29,2702,39453,216,42371,7.402330363262509,1957
2021-09-30,2315,37566,200,40081,7.952286282306163,2155
2021-10-01,2146,34969,167,37282,7.220060527453523,2253
2021-10-02,1760,29725,156,31641,8.1419624217119,1962
2021-10-03,1796,30921,137,32854,7.087428867046043,2211
2021-10-04,2740,34530,179,37449,6.132237067488866,1287
2021-10-05,2223,33975,177,36375,7.375,942
2021-10-06,2125,34773,212,37110,9.071459135643988,1356
2021-10-07,2545,33422,176,36143,6.468210216832047,2055
2021-10-08,2260,32042,177,34479,7.263028313500206,2053
2021-10-09,1542,27719,134,29395,7.995226730310262,1738
2021-10-10,1942,26375,126,28443,6.09284332688588,2253
2021-10-11,2118,29508,171,31797,7.470511140235911,1051
2021-10-12,2442,33602,164,36208,6.293169608595549,1013
2021-10-13,2310,34696,171,37177,6.892382103990327,1024
2021-10-14,2478,34214,138,36830,5.275229357798166,1914
2021-10-15,2476,31920,166,34562,6.283118849356548,1846
2021-10-16,2002,26798,138,28938,6.4485981308411215,1576
2021-10-17,1875,26400,112,28387,5.636638147961751,2038
2021-10-18,2164,32718,164,35046,7.0446735395189,892
2021-10-19,3116,32658,185,35959,5.604362314450166,695
2021-10-20,3052,33748,198,36998,6.092307692307692,2330
2021-10-21,2596,33087,183,35866,6.585102554875855,1849
2021-10-22,2080,30527,160,32767,7.142857142857142,1841
2021-10-23,1725,23800,94,25619,5.167674546454096,1523
2021-10-24,1972,26090,141,28203,6.6729768102224325,1961
2021-10-25,2332,29849,160,32341,6.420545746388442,654
2021-10-26,2317,30663,143,33123,5.8130081300813,347
2021-10-27,2991,30578,161,33730,5.1078680203045685,1030
2021-10-28,2750,29985,184,32919,6.27130197682345,2052
2021-10-29,2776,28808,168,31752,5.706521739130435,1765
2021-10-30,2265,24887,156,27308,6.443618339529119,1277
2021-10-31,2168,22753,157,25078,6.75268817204301,1790
2021-11-01,3580,26919,237,30736,6.209064710505633,453
2021-11-02,4180,27907,246,32333,5.5580659737912335,302
2021-11-03,3414,32714,229,36357,6.286027998902004,1196
2021-11-04,2804,29791,187,32782,6.252089602139753,1450
2021-11-05,2444,32802,163,35409,6.252397391637898,1188
2021-11-06,2245,26998,130,29373,5.473684210526316,1204
2021-11-07,2262,24167,130,26559,5.434782608695652,1614
2021-11-08,2873,27037,182,30092,5.957446808510639,476
2021-11-09,2624,30083,178,32885,6.35260528194147,256
2021-11-10,2638,30464,170,33272,6.054131054131054,1161
2021-11-11,2461,27011,148,29620,5.672671521655807,1587
2021-11-12,2345,27409,136,29890,5.481660620717452,1345
2021-11-13,1917,24578,135,26630,6.578947368421052,970
2021-11-14,2175,26563,146,28884,6.290392072382593,1734
2021-11-15,2170,27340,158,29668,6.786941580756014,544
2021-11-16,2724,29677,163,32564,5.645999307239348,217
2021-11-17,2940,29872,215,33027,6.814580031695722,1080
2021-11-18,2324,29619,164,32107,6.591639871382636,1464
2021-11-19,2330,29922,164,32416,6.5757818765036085,1442
2021-11-20,1796,22887,129,24812,6.701298701298701,3867
2021-11-21,2362,25082,166,27610,6.5664556962025316,1662
2021-11-22,2101,27868,153,30122,6.787932564330079,374
2021-11-23,2273,29389,136,31798,5.64549605645496,177
2021-11-24,2425,28938,145,31508,5.642023346303502,1177
2021-11-25,1892,25101,135,27128,6.660088801184017,1560
2021-11-26,1908,30513,126,32547,6.1946902654867255,1374
2021-11-27,2082,34223,198,36503,8.68421052631579,465
2021-11-28,1716,32437,152,34305,8.137044967880087,563
2021-11-29,2005,34636,171,36812,7.858455882352941,214
2021-11-30,2019,35003,189,37211,8.559782608695652,193
2021-12-01,1841,35419,162,37422,8.087868197703445,1663
2021-12-02,1738,36005,173,37916,9.052851909994768,1622
2021-12-03,1933,34938,147,37018,7.0673076923076925,1727
2021-12-04,1537,28209,143,29889,8.511904761904763,1244
2021-12-05,1453,28362,103,29918,6.619537275064268,1641
2021-12-06,1856,32844,158,34858,7.845084409136048,572
2021-12-07,1817,32369,135,34321,6.915983606557377,281
2021-12-08,1925,33287,159,35371,7.629558541266794,1288
2021-12-09,1785,34018,172,35975,8.788962698007154,1832
2021-12-10,1879,32736,148,34763,7.301430685742477,1480
2021-12-11,2149,27514,150,29813,6.524575902566333,1162
2021-12-12,2437,27725,151,30313,5.834621329211746,1971
2021-12-13,2299,35946,194,38439,7.781789009225832,490
2021-12-14,2654,39920,192,42766,6.7463106113843985,306
2021-12-15,2430,42207,217,44854,8.19795995466566,1312
2021-12-16,2332,43746,200,46278,7.898894154818326,1908
2021-12-17,2345,47500,206,50051,8.075264602116818,1900
2021-12-18,1881,42263,206,44350,9.870627695256347,1115
2021-12-19,2625,42978,254,45857,8.822507815213616,2034
2021-12-20,2354,47830,221,50405,8.58252427184466,590
2021-12-21,1953,53814,187,55954,8.738317757009346,286
2021-12-22,1846,52673,195,54714,9.554140127388536,1467
2021-12-23,1696,45896,171,47763,9.159078735940012,2259
2021-12-24,1534,43465,149,45148,8.85323826500297,1854
2021-12-25,1582,34165,200,35947,11.22334455667789,3177
2021-12-26,1895,39538,296,41729,13.509812870835237,1368
2021-12-27,2407,44704,360,47471,13.010480664980124,262
2021-12-28,2556,46963,316,49835,11.002785515320335,266
2021-12-29,2984,50934,396,54314,11.715976331360947,1786
2021-12-30,2811,56210,382,59403,11.963670529282806,2331
2021-12-31,2799,53093,326,56218,10.432,1823
