date,climate_only_comments,covid_only_comments,co_mention_comments,total_comments,co_mention_share_pct,US_daily_covid_death,climate_ma7,deaths_ma7
2020-01-21,3229,664,6,3899,0.1854714064914992,0,3229.0,0.0
2020-01-22,3804,957,21,4782,0.5490196078431373,0,3516.5,0.0
2020-01-23,3003,2081,13,5097,0.4310344827586206,0,3345.3333333333335,0.0
2020-01-24,3192,3413,17,6622,0.5297600498597694,0,3307.0,0.0
2020-01-25,2264,4379,18,6661,0.7887817703768624,0,3098.4,0.0
2020-01-26,2042,4906,28,6976,1.352657004830918,0,2922.3333333333335,0.0
2020-01-27,2412,5318,30,7760,1.2285012285012284,0,2849.4285714285716,0.0
2020-01-28,2486,5502,33,8021,1.310043668122271,0,2743.285714285714,0.0
2020-01-29,2685,4675,27,7387,0.995575221238938,0,2583.4285714285716,0.0
2020-01-30,2613,5581,34,8228,1.2844729882886283,0,2527.714285714286,0.0
2020-01-31,2283,5996,31,8310,1.3396715643906656,0,2397.8571428571427,0.0
2020-02-01,1948,4724,22,6694,1.116751269035533,0,2352.714285714286,0.0
2020-02-02,1864,4124,17,6005,0.9037745879851145,0,2327.285714285714,0.0
2020-02-03,2197,3988,18,6203,0.8126410835214447,0,2296.5714285714284,0.0
2020-02-04,2476,3953,17,6446,0.681909346169274,0,2295.1428571428573,0.0
2020-02-05,2339,3770,16,6125,0.6794055201698515,0,2245.714285714286,0.0
2020-02-06,2179,3739,20,5938,0.9095043201455209,0,2183.714285714286,0.0
2020-02-07,2560,4201,17,6778,0.6596818005432673,0,2223.285714285714,0.0
2020-02-08,2650,3287,21,5958,0.786222388618495,0,2323.5714285714284,0.0
2020-02-09,2233,3227,18,5478,0.7996446023989338,0,2376.285714285714,0.0
2020-02-10,2570,4028,21,6619,0.8104978772674644,0,2429.5714285714284,0.0
2020-02-11,2546,3918,29,6493,1.1262135922330097,0,2439.5714285714284,0.0
2020-02-12,3034,3832,25,6891,0.8172605426610003,0,2538.8571428571427,0.0
2020-02-13,2924,4033,23,6980,0.7804546996946047,0,2645.285714285714,0.0
2020-02-14,2489,3513,24,6026,0.955033824114604,0,2635.1428571428573,0.0
2020-02-15,2131,3098,22,5251,1.0218300046446818,0,2561.0,0.0
2020-02-16,2153,3219,25,5397,1.147842056932966,0,2549.5714285714284,0.0
2020-02-17,2687,3777,27,6491,0.9948415622697124,0,2566.285714285714,0.0
2020-02-18,3375,3505,19,6899,0.5598114319387153,0,2684.714285714286,0.0
2020-02-19,2765,3171,17,5953,0.6110711718188354,0,2646.285714285714,0.0
2020-02-20,2789,3390,19,6198,0.6766381766381766,0,2627.0,0.0
2020-02-21,2417,4372,25,6814,1.0237510237510237,0,2616.714285714286,0.0
2020-02-22,2077,4492,13,6582,0.6220095693779905,0,2609.0,0.0
2020-02-23,2355,4925,36,7316,1.5056461731493098,0,2637.8571428571427,0.0
2020-02-24,2593,8230,54,10877,2.040045334340763,0,2624.4285714285716,0.0
2020-02-25,2827,9597,54,12478,1.8743491843110032,0,2546.1428571428573,0.0
2020-02-26,2800,11641,70,14511,2.4390243902439024,0,2551.1428571428573,0.0
2020-02-27,2515,16508,89,19112,3.417818740399386,0,2512.0,0.0
2020-02-28,2407,18653,96,21156,3.835397522972433,0,2510.5714285714284,0.0
2020-02-29,2052,16789,99,18940,4.602510460251046,1,2507.0,0.14285714285714285
2020-03-01,2194,14860,85,17139,3.729706011408513,0,2484.0,0.14285714285714285
2020-03-02,2231,17556,72,19859,3.1263569257490227,1,2432.285714285714,0.2857142857142857
2020-03-03,2682,18844,85,21611,3.0719190458980847,0,2411.5714285714284,0.2857142857142857
2020-03-04,4360,18798,114,23272,2.548055431381314,6,2634.4285714285716,1.1428571428571428
2020-03-05,2884,19718,142,22744,4.692663582286848,3,2687.1428571428573,1.5714285714285714
2020-03-06,2301,20632,113,23046,4.68102734051367,2,2672.0,1.8571428571428572
2020-03-07,1768,20207,77,22052,4.173441734417344,3,2631.4285714285716,2.142857142857143
2020-03-08,2119,20013,111,22243,4.977578475336323,3,2620.714285714286,2.5714285714285716
2020-03-09,2286,26231,153,28670,6.273062730627306,5,2628.5714285714284,3.142857142857143
2020-03-10,2377,32803,178,35358,6.966731898238747,4,2585.0,3.7142857142857144
2020-03-11,3585,39739,259,43583,6.73777315296566,4,2474.285714285714,3.4285714285714284
2020-03-12,2339,63284,334,65957,12.495323606434718,7,2396.4285714285716,4.0
2020-03-13,1656,63639,283,65578,14.595152140278495,12,2304.285714285714,5.428571428571429
2020-03-14,1336,51457,201,52994,13.077423552374755,7,2242.5714285714284,6.0
2020-03-15,1408,50481,242,52131,14.666666666666666,11,2141.0,7.142857142857143
2020-03-16,1847,57264,286,59397,13.408345053914674,13,2078.285714285714,8.285714285714286
2020-03-17,1541,59203,268,61012,14.814814814814811,18,1958.857142857143,10.285714285714286
2020-03-18,1903,63463,328,65694,14.701927386822051,21,1718.5714285714287,12.714285714285714
2020-03-19,1710,63389,295,65394,14.713216957605985,28,1628.7142857142858,15.714285714285714
2020-03-20,1198,63357,276,64831,18.724559023066487,64,1563.2857142857142,23.142857142857142
2020-03-21,1186,57228,244,58658,17.062937062937063,69,1541.857142857143,32.0
2020-03-22,1332,57163,295,58790,18.131530424093423,92,1531.0,43.57142857142857
2020-03-23,1333,61492,237,63062,15.095541401273884,112,1457.5714285714287,57.714285714285715
2020-03-24,1330,64269,292,65891,18.002466091245374,118,1427.4285714285713,72.0
2020-03-25,1256,61412,261,62929,17.20500988793672,164,1335.0,92.42857142857143
2020-03-26,1245,62270,276,63791,18.14595660749507,209,1268.5714285714287,118.28571428571429
2020-03-27,1255,63395,242,64892,16.165664662658653,301,1276.7142857142858,152.14285714285714
2020-03-28,1152,52375,231,53758,16.702819956616054,341,1271.857142857143,191.0
2020-03-29,1038,53515,227,54780,17.94466403162055,487,1229.857142857143,247.42857142857142
2020-03-30,1077,57277,251,58605,18.90060240963855,556,1193.2857142857142,310.85714285714283
2020-03-31,1268,55608,248,57124,16.358839050131927,665,1184.4285714285713,389.0
2020-04-01,1238,55476,253,56967,16.968477531857815,631,1181.857142857143,455.7142857142857
2020-04-02,1241,58315,276,59832,18.19380355965722,982,1181.2857142857142,566.1428571428571
2020-04-03,1259,57363,261,58883,17.17105263157895,1121,1181.857142857143,683.2857142857143
2020-04-04,1006,50443,199,51648,16.51452282157676,1311,1161.0,821.8571428571429
2020-04-05,1117,48551,215,49883,16.14114114114114,1376,1172.2857142857142,948.8571428571429
2020-04-06,1111,55580,218,56909,16.4033107599699,1540,1177.142857142857,1089.4285714285713
2020-04-07,1054,52574,176,53804,14.308943089430896,1873,1146.5714285714287,1262.0
2020-04-08,2008,53788,268,56064,11.775043936731109,1691,1256.5714285714287,1413.4285714285713
2020-04-09,1720,50793,257,52770,12.999494183105718,2093,1325.0,1572.142857142857
2020-04-10,1374,45912,186,47472,11.923076923076923,2221,1341.4285714285713,1729.2857142857142
2020-04-11,1272,41926,175,43373,12.093987560469936,2230,1379.4285714285713,1860.5714285714287
2020-04-12,1199,40495,172,41866,12.545587162654998,2241,1391.142857142857,1984.142857142857
2020-04-13,1729,44772,193,46694,10.04162330905307,2192,1479.4285714285713,2077.285714285714
2020-04-14,1869,46242,230,48341,10.95759885659838,1857,1595.857142857143,2075.0
2020-04-15,1567,54127,229,55923,12.750556792873052,1905,1532.857142857143,2105.5714285714284
2020-04-16,1450,50122,207,51779,12.492456246228125,2432,1494.2857142857142,2154.0
2020-04-17,1421,45952,197,47570,12.175525339925834,2731,1501.0,2226.8571428571427
2020-04-18,1127,41608,162,42897,12.56788207913111,2445,1480.2857142857142,2257.5714285714284
2020-04-19,1168,43315,176,44659,13.095238095238097,2336,1475.857142857143,2271.1428571428573
2020-04-20,1404,45374,195,46973,12.195121951219512,1848,1429.4285714285713,2222.0
2020-04-21,1428,46299,218,47945,13.24422843256379,1993,1366.4285714285713,2241.4285714285716
2020-04-22,1823,47775,323,49921,15.051258154706431,2077,1403.0,2266.0
2020-04-23,1658,45624,223,47505,11.85539606592238,2673,1432.7142857142858,2300.4285714285716
2020-04-24,1512,44224,194,45930,11.371629542790153,2221,1445.7142857142858,2227.5714285714284
2020-04-25,1272,37083,153,38508,10.73684210526316,1984,1466.4285714285713,2161.714285714286
2020-04-26,1254,36842,150,38246,10.683760683760685,2103,1478.7142857142858,2128.4285714285716
2020-04-27,1179,41539,157,42875,11.751497005988025,1892,1446.5714285714287,2134.714285714286
2020-04-28,1365,42335,220,43920,13.8801261829653,1535,1437.5714285714287,2069.285714285714
2020-04-29,1291,42447,162,43900,11.149346180316586,1489,1361.5714285714287,1985.2857142857142
2020-04-30,1590,43213,210,45013,11.666666666666666,2111,1351.857142857143,1905.0
2020-05-01,1375,40525,157,42057,10.24804177545692,2417,1332.2857142857142,1933.0
2020-05-02,1005,32533,125,33663,11.061946902654867,2238,1294.142857142857,1969.2857142857142
2020-05-03,1101,35035,146,36282,11.708099438652766,1953,1272.2857142857142,1947.857142857143
2020-05-04,1128,39307,171,40606,13.163972286374134,1609,1265.0,1907.4285714285713
2020-05-05,1348,40624,166,42138,10.96433289299868,1412,1262.5714285714287,1889.857142857143
2020-05-06,1276,39889,179,41344,12.302405498281786,1271,1260.4285714285713,1858.7142857142858
2020-05-07,1268,40325,158,41751,11.079943899018232,2434,1214.4285714285713,1904.857142857143
2020-05-08,1154,38493,154,39801,11.773700305810396,2341,1182.857142857143,1894.0
2020-05-09,1402,34876,151,36429,9.723116548615582,2033,1239.5714285714287,1864.7142857142858
2020-05-10,1225,34729,152,36106,11.038489469862018,1658,1257.2857142857142,1822.5714285714287
2020-05-11,1335,37613,162,39110,10.821643286573146,1491,1286.857142857143,1805.7142857142858
2020-05-12,1342,39769,140,41251,9.446693657219974,1073,1286.0,1757.2857142857142
2020-05-13,1373,41114,173,42660,11.190168175937904,1034,1299.857142857143,1723.4285714285713
2020-05-14,1328,42478,172,43978,11.466666666666669,1533,1308.4285714285713,1594.7142857142858
2020-05-15,1367,40731,177,42275,11.463730569948186,1507,1338.857142857143,1475.5714285714287
2020-05-16,1110,33027,120,34257,9.75609756097561,1943,1297.142857142857,1462.7142857142858
2020-05-17,1149,33170,146,34465,11.274131274131276,1549,1286.2857142857142,1447.142857142857
2020-05-18,1302,39122,153,40577,10.515463917525771,1239,1281.5714285714287,1411.142857142857
2020-05-19,1376,37379,167,38922,10.823071937783538,927,1286.4285714285713,1390.2857142857142
2020-05-20,1182,35600,178,36960,13.088235294117649,946,1259.142857142857,1377.7142857142858
2020-05-21,1243,38229,169,39641,11.96883852691218,1179,1247.0,1327.142857142857
2020-05-22,1131,35776,163,37070,12.59659969088099,1374,1213.2857142857142,1308.142857142857
2020-05-23,1120,30655,125,31900,10.040160642570282,1083,1214.7142857142858,1185.2857142857142
2020-05-24,1103,32335,127,33565,10.32520325203252,1810,1208.142857142857,1222.5714285714287
2020-05-25,1121,33620,161,34902,12.558502340093602,937,1182.2857142857142,1179.4285714285713
2020-05-26,1532,36866,162,38560,9.563164108618654,788,1204.5714285714287,1159.5714285714287
2020-05-27,1291,34857,137,36285,9.593837535014009,687,1220.142857142857,1122.5714285714287
2020-05-28,1179,35532,120,36831,9.237875288683602,811,1211.0,1070.0
2020-05-29,974,32252,167,33393,14.636283961437336,1285,1188.5714285714287,1057.2857142857142
2020-05-30,933,27673,95,28701,9.241245136186771,1251,1161.857142857143,1081.2857142857142
2020-05-31,967,31382,126,32475,11.52790484903934,1051,1142.4285714285713,972.8571428571429
2020-06-01,1112,34885,125,36122,10.105092966855295,906,1141.142857142857,968.4285714285714
2020-06-02,1132,33265,152,34549,11.838006230529595,673,1084.0,952.0
2020-06-03,1186,34442,158,35786,11.75595238095238,691,1069.0,952.5714285714286
2020-06-04,1196,34315,125,35636,9.462528387585165,934,1071.4285714285713,970.1428571428571
2020-06-05,1176,32640,133,33949,10.16042780748663,1022,1100.2857142857142,932.5714285714286
2020-06-06,891,26855,115,27861,11.43141153081511,885,1094.2857142857142,880.2857142857143
2020-06-07,1071,26620,81,27772,7.03125,876,1109.142857142857,855.2857142857143
2020-06-08,1095,30868,113,32076,9.35430463576159,669,1106.7142857142858,821.4285714285714
2020-06-09,1187,28744,112,30043,8.622016936104696,593,1114.5714285714287,810.0
2020-06-10,1180,28800,129,30109,9.85485103132162,776,1113.7142857142858,822.1428571428571
2020-06-11,1018,28746,110,29874,9.75177304964539,827,1088.2857142857142,806.8571428571429
2020-06-12,1101,27905,103,29109,8.554817275747508,882,1077.5714285714287,786.8571428571429
2020-06-13,887,25076,86,26049,8.83864337101747,888,1077.0,787.2857142857143
2020-06-14,990,23556,92,24638,8.502772643253234,735,1065.4285714285713,767.1428571428571
2020-06-15,1096,28991,120,30207,9.86842105263158,685,1065.5714285714287,769.4285714285714
2020-06-16,1178,30940,107,32225,8.326848249027236,489,1064.2857142857142,754.5714285714286
2020-06-17,1372,31147,101,32620,6.8567549219280375,525,1091.7142857142858,718.7142857142857
2020-06-18,1178,28995,144,30317,10.892586989409985,674,1114.5714285714287,696.8571428571429
2020-06-19,1420,30880,152,32452,9.669211195928751,684,1160.142857142857,668.5714285714286
2020-06-20,1039,27809,130,28978,11.120615911035072,643,1181.857142857143,633.5714285714286
2020-06-21,1449,27980,139,29568,8.753148614609572,755,1247.4285714285713,636.4285714285714
2020-06-22,1538,30653,183,32374,10.63335270191749,576,1310.5714285714287,620.8571428571429
2020-06-23,1550,33168,165,34883,9.620991253644316,413,1363.7142857142858,610.0
2020-06-24,1499,35165,146,36810,8.875379939209726,415,1381.857142857143,594.2857142857143
2020-06-25,1437,36523,170,38130,10.578718108276291,746,1418.857142857143,604.5714285714286
2020-06-26,1483,38966,181,40630,10.877403846153848,692,1427.857142857143,605.7142857142857
2020-06-27,1157,33960,172,35289,12.942061700526711,2533,1444.7142857142858,875.7142857142857
2020-06-28,1131,32174,140,33445,11.014948859166012,706,1399.2857142857142,868.7142857142857
2020-06-29,1274,35442,159,36875,11.095603628750872,593,1361.5714285714287,871.1428571428571
2020-06-30,1678,37873,201,39752,10.697179350718468,439,1379.857142857143,874.8571428571429
2020-07-01,1657,37939,181,39777,9.84766050054407,461,1402.4285714285713,881.4285714285714
2020-07-02,1241,39943,183,41367,12.851123595505618,662,1374.4285714285713,869.4285714285714
2020-07-03,1343,36693,160,38196,10.645375914836992,782,1354.4285714285713,882.2857142857143
2020-07-04,1341,31154,151,32646,10.120643431635388,704,1380.7142857142858,621.0
2020-07-05,1259,30860,138,32257,9.87831066571224,810,1399.0,635.8571428571429
2020-07-06,1292,38517,163,39972,11.202749140893472,539,1401.5714285714287,628.1428571428571
2020-07-07,1341,41382,155,42878,10.36096256684492,460,1353.4285714285713,631.1428571428571
2020-07-08,1698,45055,211,46964,11.05290728129911,598,1359.2857142857142,650.7142857142857
2020-07-09,1536,41108,171,42815,10.01757469244288,928,1401.4285714285713,688.7142857142857
2020-07-10,1440,42133,201,43774,12.248628884826324,1079,1415.2857142857142,731.1428571428571
2020-07-11,1187,36224,165,37576,12.20414201183432,961,1393.2857142857142,767.8571428571429
2020-07-12,1155,37829,147,39131,11.29032258064516,964,1378.4285714285713,789.8571428571429
2020-07-13,1309,43860,189,45358,12.61682242990654,889,1380.857142857143,839.8571428571429
2020-07-14,1604,46832,210,48646,11.57662624035281,840,1418.4285714285713,894.1428571428571
2020-07-15,1654,45319,224,47197,11.92758253461129,731,1412.142857142857,913.1428571428571
2020-07-16,1531,45423,241,47195,13.600451467268623,914,1411.4285714285713,911.1428571428571
2020-07-17,1467,43513,235,45215,13.80728554641598,1122,1415.2857142857142,917.2857142857143
2020-07-18,1153,33590,150,34893,11.511895625479662,1089,1410.4285714285713,935.5714285714286
2020-07-19,1116,36468,152,37736,11.987381703470032,1081,1404.857142857143,952.2857142857143
2020-07-20,1306,40894,196,42396,13.049267643142477,1005,1404.4285714285713,968.8571428571429
2020-07-21,1433,40317,136,41886,8.667941363926067,932,1380.0,982.0
2020-07-22,1473,39938,157,41568,9.631901840490798,867,1354.142857142857,1001.4285714285714
2020-07-23,1424,39140,169,40733,10.608913998744509,1193,1338.857142857143,1041.2857142857142
2020-07-24,1302,41304,172,42778,11.668928086838534,1191,1315.2857142857142,1051.142857142857
2020-07-25,1156,33386,153,34695,11.688311688311687,1254,1315.7142857142858,1074.7142857142858
2020-07-26,1152,32825,143,34120,11.042471042471044,1284,1320.857142857143,1103.7142857142858
2020-07-27,1385,40945,179,42509,11.445012787723783,1148,1332.142857142857,1124.142857142857
2020-07-28,1707,44109,181,45997,9.58686440677966,951,1371.2857142857142,1126.857142857143
2020-07-29,1465,42485,184,44134,11.158277744087329,936,1370.142857142857,1136.7142857142858
2020-07-30,1506,47408,150,49064,9.057971014492754,1163,1381.857142857143,1132.4285714285713
2020-07-31,1351,43951,171,45473,11.23521681997372,1179,1388.857142857143,1130.7142857142858
2020-08-01,1017,34963,123,36103,10.789473684210527,1400,1369.0,1151.5714285714287
2020-08-02,1060,36218,141,37419,11.740216486261447,1369,1355.857142857143,1163.7142857142858
2020-08-03,1378,40488,166,42032,10.751295336787564,1164,1354.857142857143,1166.0
2020-08-04,1541,42780,234,44555,13.183098591549298,922,1331.142857142857,1161.857142857143
2020-08-05,1816,39168,336,41320,15.613382899628252,853,1381.2857142857142,1150.0
2020-08-06,1592,40120,185,41897,10.410804727068092,1072,1393.5714285714287,1137.0
2020-08-07,1579,36949,210,38738,11.73840134153158,1260,1426.142857142857,1148.5714285714287
2020-08-08,1313,32605,155,34073,10.558583106267031,1211,1468.4285714285713,1121.5714285714287
2020-08-09,1233,33253,141,34627,10.262008733624455,1317,1493.142857142857,1114.142857142857
2020-08-10,1474,38673,156,40303,9.570552147239264,1043,1506.857142857143,1096.857142857143
2020-08-11,1610,40893,177,42680,9.904868494683829,900,1516.7142857142858,1093.7142857142858
2020-08-12,1652,38249,195,40096,10.557661072008663,795,1493.2857142857142,1085.4285714285713
2020-08-13,1530,38846,183,40559,10.683012259194395,1098,1484.4285714285713,1089.142857142857
2020-08-14,1557,37294,180,39031,10.362694300518134,1326,1481.2857142857142,1098.5714285714287
2020-08-15,1547,30666,162,32375,9.479227618490343,1195,1514.7142857142858,1096.2857142857142
2020-08-16,1382,31050,162,32594,10.492227979274611,1047,1536.0,1057.7142857142858
2020-08-17,1542,34578,165,36285,9.666080843585236,952,1545.7142857142858,1044.7142857142858
2020-08-18,1611,35023,195,36829,10.79734219269103,889,1545.857142857143,1043.142857142857
2020-08-19,2040,33273,143,35456,6.550618415025195,637,1601.2857142857142,1020.5714285714286
2020-08-20,1830,34996,205,37031,10.073710073710076,928,1644.142857142857,996.2857142857143
2020-08-21,1641,32922,205,34768,11.105092091007585,1264,1656.142857142857,987.4285714285714
2020-08-22,1362,28486,147,29995,9.74155069582505,1000,1629.7142857142858,959.5714285714286
2020-08-23,1512,28746,149,30407,8.97049969897652,1007,1648.2857142857142,953.8571428571429
2020-08-24,1735,34444,194,36373,10.057024364955936,1006,1675.857142857143,961.5714285714286
2020-08-25,1625,33765,188,35578,10.369553226696084,836,1677.857142857143,954.0
2020-08-26,1804,33974,161,35939,8.193384223918574,584,1644.142857142857,946.4285714285714
2020-08-27,1866,32496,205,34567,9.898599710284886,880,1649.2857142857142,939.5714285714286
2020-08-28,1482,32453,170,34105,10.290556900726394,1062,1626.5714285714287,910.7142857142857
2020-08-29,1312,27217,130,28659,9.015256588072122,940,1619.4285714285713,902.1428571428571
2020-08-30,1264,28737,169,30170,11.79344033496162,1035,1584.0,906.1428571428571
2020-08-31,1326,34806,161,36293,10.827168796234028,839,1525.5714285714287,882.2857142857143
2020-09-01,1558,33510,183,35251,10.511200459506032,717,1516.0,865.2857142857143
2020-09-02,1677,38116,173,39966,9.35135135135135,553,1497.857142857143,860.8571428571429
2020-09-03,1647,35365,169,37181,9.306167400881057,860,1466.5714285714287,858.0
2020-09-04,1400,31346,162,32908,10.371318822023047,884,1454.857142857143,832.5714285714286
2020-09-05,1275,25322,145,26742,10.211267605633804,948,1449.5714285714287,833.7142857142857
2020-09-06,1417,26498,149,28064,9.514687100893996,904,1471.4285714285713,815.0
2020-09-07,1896,27555,153,29604,7.46705710102489,801,1552.857142857143,809.5714285714286
2020-09-08,2127,31620,201,33948,8.6340206185567,685,1634.142857142857,805.0
2020-09-09,2076,34055,144,36275,6.486486486486487,417,1691.142857142857,785.5714285714286
2020-09-10,3070,36133,281,39484,8.385556550283498,553,1894.4285714285713,741.7142857142857
2020-09-11,2682,34351,212,37245,7.325501036627505,826,2077.5714285714284,733.4285714285714
2020-09-12,2775,28549,241,31565,7.990716180371353,832,2291.8571428571427,716.8571428571429
2020-09-13,2740,27898,219,30857,7.401149036836769,863,2480.8571428571427,711.0
2020-09-14,3213,32845,283,36341,8.094965675057209,662,2669.0,691.1428571428571
2020-09-15,4721,32317,389,37427,7.61252446183953,720,3039.5714285714284,696.1428571428571
2020-09-16,3424,34269,344,38037,9.129511677282377,359,3232.1428571428573,687.8571428571429
2020-09-17,2654,34389,281,37324,9.574105621805792,801,3172.714285714286,723.2857142857143
2020-09-18,2649,32085,254,34988,8.749569410954185,1099,3168.0,762.2857142857143
2020-09-19,2065,25340,221,27626,9.667541557305338,732,3066.5714285714284,748.0
2020-09-20,1704,25318,176,27198,9.361702127659576,803,2918.5714285714284,739.4285714285714
2020-09-21,2087,29733,188,32008,8.263736263736265,674,2757.714285714286,741.1428571428571
2020-09-22,1932,32634,237,34803,10.926694329183956,484,2359.285714285714,707.4285714285714
2020-09-23,2221,32792,213,35226,8.751027115858669,537,2187.4285714285716,732.8571428571429
2020-09-24,2440,30118,215,32773,8.097928436911488,660,2156.8571428571427,712.7142857142857
2020-09-25,1774,29243,194,31211,9.857723577235772,903,2031.857142857143,684.7142857142857
2020-09-26,1655,24855,154,26664,8.51299060254284,740,1973.2857142857142,685.8571428571429
2020-09-27,1647,25959,208,27814,11.212938005390836,778,1965.142857142857,682.2857142857143
2020-09-28,2195,27776,253,30224,10.334967320261438,664,1980.5714285714287,680.8571428571429
2020-09-29,2116,32334,221,34671,9.456568249893026,502,2006.857142857143,683.4285714285714
2020-09-30,3341,31095,332,34768,9.038932752518376,400,2166.8571428571427,663.8571428571429
2020-10-01,2115,30788,199,33102,8.599827139152982,795,2120.4285714285716,683.1428571428571
2020-10-02,1677,54263,188,56128,10.080428954423592,686,2106.5714285714284,652.1428571428571
2020-10-03,1205,37457,142,38804,10.541945063103192,733,2042.2857142857142,651.1428571428571
2020-10-04,1449,34703,157,36309,9.775840597758409,907,2014.0,669.5714285714286
2020-10-05,1608,42358,167,44133,9.408450704225352,565,1930.142857142857,655.4285714285714
2020-10-06,1592,46092,200,47884,11.160714285714286,598,1855.2857142857142,669.1428571428571
2020-10-07,1671,40252,204,42127,10.88,508,1616.7142857142858,684.5714285714286
2020-10-08,2562,39984,278,42824,9.788732394366196,635,1680.5714285714287,661.7142857142857
2020-10-09,1662,34534,163,36359,8.931506849315069,782,1678.4285714285713,675.4285714285714
2020-10-10,1655,28479,171,30305,9.36473165388828,735,1742.7142857142858,675.7142857142857
2020-10-11,1599,28967,165,30731,9.35374149659864,792,1764.142857142857,659.2857142857143
2020-10-12,1580,32645,189,34414,10.6840022611645,681,1760.142857142857,675.8571428571429
2020-10-13,1778,33628,200,35606,10.111223458038422,573,1786.7142857142858,672.2857142857143
2020-10-14,2358,33449,181,35988,7.128790862544308,497,1884.857142857143,670.7142857142857
2020-10-15,2011,34749,205,36965,9.250902527075812,652,1806.142857142857,673.1428571428571
2020-10-16,1911,31761,194,33866,9.216152019002376,821,1841.7142857142858,678.7142857142857
2020-10-17,1436,25867,166,27469,10.362047440699126,697,1810.4285714285713,673.2857142857143
2020-10-18,1525,29062,144,30731,8.627920910724985,880,1799.857142857143,685.8571428571429
2020-10-19,1746,33130,209,35085,10.690537084398976,693,1823.5714285714287,687.5714285714286
2020-10-20,1788,36026,241,38055,11.877772301626417,733,1825.0,710.4285714285714
2020-10-21,1722,34182,201,36105,10.452418096723868,612,1734.142857142857,726.8571428571429
2020-10-22,1974,33346,235,35555,10.638297872340424,791,1728.857142857143,746.7142857142857
2020-10-23,2424,32963,266,35653,9.888475836431226,1059,1802.142857142857,780.7142857142857
2020-10-24,1601,30077,181,31859,10.15712682379349,916,1825.7142857142858,812.0
2020-10-25,1779,31493,212,33484,10.647915620291313,919,1862.0,817.5714285714286
2020-10-26,2268,38918,280,41466,10.989010989010987,836,1936.5714285714287,838.0
2020-10-27,2453,38072,261,40786,9.616801768607225,601,2031.5714285714287,819.1428571428571
2020-10-28,2296,41192,258,43746,10.101801096319498,682,2113.5714285714284,829.1428571428571
2020-10-29,2326,39324,342,41992,12.818590704647676,896,2163.8571428571427,844.1428571428571
2020-10-30,2408,35380,234,38022,8.856926570779713,1063,2161.5714285714284,844.7142857142857
2020-10-31,1735,32834,219,34788,11.20777891504606,1110,2180.714285714286,872.4285714285714
2020-11-01,1444,33496,183,35123,11.247695144437616,908,2132.8571428571427,870.8571428571429
2020-11-02,1847,37076,273,39196,12.87735849056604,942,2072.714285714286,886.0
2020-11-03,2083,34903,272,37258,11.549893842887474,708,2019.857142857143,901.2857142857143
2020-11-04,2573,35432,405,38410,13.599731363331092,738,2059.4285714285716,909.2857142857143
2020-11-05,2276,33051,316,35643,12.191358024691358,1031,2052.285714285714,928.5714285714286
2020-11-06,1825,33876,251,35952,12.090558766859344,1298,1969.0,962.1428571428571
2020-11-07,1939,31648,338,33925,14.844093104962669,1227,1998.142857142857,978.8571428571429
2020-11-08,2226,33336,404,35966,15.361216730038022,1260,2109.8571428571427,1029.142857142857
2020-11-09,2039,37809,261,40109,11.347826086956522,1095,2137.285714285714,1051.0
2020-11-10,1767,36395,199,38361,10.12207527975585,882,2092.1428571428573,1075.857142857143
2020-11-11,1639,34547,187,36373,10.240963855421686,930,1958.7142857142858,1103.2857142857142
2020-11-12,1752,39023,217,40992,11.020822752666328,1674,1883.857142857143,1195.142857142857
2020-11-13,1910,40846,233,42989,10.872608492767148,1518,1896.0,1226.5714285714287
2020-11-14,1497,35288,182,36967,10.839785586658724,1347,1832.857142857143,1243.7142857142858
2020-11-15,1735,37964,265,39964,13.25,1271,1762.7142857142858,1245.2857142857142
2020-11-16,1791,45366,245,47402,12.033398821218077,1472,1727.2857142857142,1299.142857142857
2020-11-17,2084,45490,235,47809,10.133678309616212,1027,1772.5714285714287,1319.857142857143
2020-11-18,2207,47197,328,49732,12.938856015779091,1018,1853.7142857142858,1332.4285714285713
2020-11-19,1886,45408,253,47547,11.827956989247312,1591,1872.857142857143,1320.5714285714287
2020-11-20,1501,44636,211,46348,12.324766355140188,1833,1814.4285714285713,1365.5714285714287
2020-11-21,1588,37554,221,39363,12.216694306246543,1920,1827.4285714285713,1447.4285714285713
2020-11-22,1432,36142,187,37761,11.550339715873996,1959,1784.142857142857,1545.7142857142858
2020-11-23,1823,42436,200,44459,9.886307464162137,1724,1788.7142857142858,1581.7142857142858
2020-11-24,1621,41212,185,43018,10.243632336655592,1303,1722.5714285714287,1621.142857142857
2020-11-25,1449,41369,222,43040,13.285457809694792,1413,1614.2857142857142,1677.5714285714287
2020-11-26,1244,37680,158,39082,11.269614835948644,1889,1522.5714285714287,1720.142857142857
2020-11-27,1691,33824,187,35702,9.957401490947817,2289,1549.7142857142858,1785.2857142857142
2020-11-28,1339,31989,155,33483,10.37483266398929,1674,1514.142857142857,1750.142857142857
2020-11-29,1123,34809,145,36077,11.43533123028391,1658,1470.0,1707.142857142857
2020-11-30,1504,39253,159,40916,9.561034275405891,1506,1424.4285714285713,1676.0
2020-12-01,1532,42003,172,43707,10.093896713615024,1281,1411.7142857142858,1672.857142857143
2020-12-02,1473,40883,177,42533,10.727272727272728,1546,1415.142857142857,1691.857142857143
2020-12-03,1594,43718,195,45507,10.899944102850757,2379,1465.142857142857,1761.857142857143
2020-12-04,1598,41587,218,43403,12.004405286343612,2756,1451.857142857143,1828.5714285714287
2020-12-05,1298,37223,144,38665,9.986130374479888,2740,1446.0,1980.857142857143
2020-12-06,1233,36102,151,37486,10.910404624277456,2593,1461.7142857142858,2114.4285714285716
2020-12-07,1499,41727,212,43438,12.39041496201052,2376,1461.0,2238.714285714286
2020-12-08,1521,45763,186,47470,10.896309314586995,1588,1459.4285714285713,2282.5714285714284
2020-12-09,1384,47125,163,48672,10.536522301228183,1973,1446.7142857142858,2343.5714285714284
2020-12-10,1276,38930,153,40359,10.706787963610918,2561,1401.2857142857142,2369.5714285714284
2020-12-11,1365,40474,160,41999,10.491803278688524,3323,1368.0,2450.5714285714284
2020-12-12,1374,33463,159,34996,10.371819960861057,2705,1378.857142857143,2445.5714285714284
2020-12-13,1536,34028,173,35737,10.122878876535983,3188,1422.142857142857,2530.5714285714284
2020-12-14,1413,39589,149,41151,9.539052496798975,2440,1409.857142857143,2539.714285714286
2020-12-15,1506,38312,139,39957,8.44984802431611,2037,1407.7142857142858,2603.8571428571427
2020-12-16,1494,40597,171,42262,10.27027027027027,1955,1423.4285714285713,2601.285714285714
2020-12-17,1539,41234,175,42948,10.210035005834309,2758,1461.0,2629.4285714285716
2020-12-18,1667,39981,155,41803,8.507135016465423,3389,1504.142857142857,2638.8571428571427
2020-12-19,1240,36021,133,37394,9.68681718863802,3338,1485.0,2729.285714285714
2020-12-20,1111,38735,105,39951,8.634868421052632,2949,1424.2857142857142,2695.1428571428573
2020-12-21,1226,45394,175,46795,12.491077801570306,2727,1397.5714285714287,2736.1428571428573
2020-12-22,1271,43759,149,45179,10.492957746478874,2090,1364.0,2743.714285714286
2020-12-23,1156,42848,124,44128,9.6875,2129,1315.7142857142858,2768.5714285714284
2020-12-24,1001,33661,112,34774,10.062893081761008,2891,1238.857142857143,2787.5714285714284
2020-12-25,904,27580,96,28580,9.6,3238,1129.857142857143,2766.0
2020-12-26,1008,29941,85,31034,7.77676120768527,3021,1096.7142857142858,2720.714285714286
2020-12-27,1304,35795,125,37224,8.74737578726382,2237,1124.2857142857142,2619.0
2020-12-28,1573,38952,174,40699,9.959931310818543,1650,1173.857142857143,2465.1428571428573
2020-12-29,1237,42484,147,43868,10.621387283236992,1903,1169.0,2438.4285714285716
2020-12-30,1156,45549,181,46886,13.537771129394166,2180,1169.0,2445.714285714286
2020-12-31,1234,43991,185,45410,13.03735024665257,3351,1202.2857142857142,2511.4285714285716
2021-01-01,953,35394,139,36486,12.728937728937728,3763,1209.2857142857142,2586.4285714285716
2021-01-02,1140,41229,152,42521,11.76470588235294,3754,1228.142857142857,2691.1428571428573
2021-01-03,1290,41350,132,42772,9.282700421940929,3049,1226.142857142857,2807.1428571428573
2021-01-04,1378,45489,166,47033,10.751295336787564,2384,1198.2857142857142,2912.0
2021-01-05,1361,46953,176,48490,11.450878334417697,2044,1216.0,2932.1428571428573
2021-01-06,1538,42846,212,44596,12.114285714285716,2029,1270.5714285714287,2910.5714285714284
2021-01-07,1250,34317,178,35745,12.46498599439776,3496,1272.857142857143,2931.285714285714
2021-01-08,1280,37491,168,38939,11.60220994475138,3855,1319.5714285714287,2944.4285714285716
2021-01-09,1335,32975,138,34448,9.368635437881874,3978,1347.4285714285713,2976.4285714285716
2021-01-10,1503,33443,181,35127,10.748218527315917,3711,1377.857142857143,3071.0
2021-01-11,1240,37356,140,38736,10.144927536231885,3411,1358.142857142857,3217.714285714286
2021-01-12,1623,39959,152,41734,8.56338028169014,2555,1395.5714285714287,3290.714285714286
2021-01-13,1582,39814,169,41565,9.6516276413478,2534,1401.857142857143,3362.8571428571427
2021-01-14,1489,37723,167,39379,10.084541062801932,3600,1436.0,3377.714285714286
2021-01-15,1498,39336,173,41007,10.353081986834232,4066,1467.142857142857,3407.8571428571427
2021-01-16,1343,32485,144,33972,9.68392737054472,3762,1468.2857142857142,3377.0
2021-01-17,1486,33646,138,35270,8.497536945812808,3384,1465.857142857143,3330.285714285714
2021-01-18,1583,35074,170,36827,9.697661152310324,3549,1514.857142857143,3350.0
2021-01-19,1609,37642,150,39401,8.527572484366116,2600,1512.857142857143,3356.4285714285716
2021-01-20,1764,37264,266,39294,13.10344827586207,2250,1538.857142857143,3315.8571428571427
2021-01-21,2549,38733,254,41536,9.061719586157688,2738,1690.2857142857142,3192.714285714286
2021-01-22,2011,39660,178,41849,8.131566925536776,3826,1763.5714285714287,3158.4285714285716
2021-01-23,1361,34009,142,35512,9.44777112441783,3853,1766.142857142857,3171.4285714285716
2021-01-24,1477,33782,166,35425,10.1034692635423,3679,1764.857142857143,3213.5714285714284
2021-01-25,1509,39818,179,41506,10.604265402843602,3073,1754.2857142857142,3145.5714285714284
2021-01-26,1820,38773,180,40773,9.0,2477,1784.4285714285713,3128.0
2021-01-27,1644,38598,169,40411,9.321566464423608,2037,1767.2857142857142,3097.5714285714284
2021-01-28,1717,34806,167,36690,8.86411889596603,3576,1648.4285714285713,3217.285714285714
2021-01-29,1294,34108,136,35538,9.51048951048951,3950,1546.0,3235.0
2021-01-30,1119,31575,121,32815,9.758064516129032,3870,1511.4285714285713,3237.4285714285716
2021-01-31,1158,33115,111,34384,8.747044917257684,3266,1465.857142857143,3178.4285714285716
2021-02-01,1236,36926,141,38303,10.239651416122005,2827,1426.857142857143,3143.285714285714
2021-02-02,1441,36647,127,38215,8.099489795918368,2291,1372.7142857142858,3116.714285714286
2021-02-03,1504,36250,147,37901,8.903694730466384,2229,1352.7142857142858,3144.1428571428573
2021-02-04,1468,36876,140,38484,8.706467661691542,2947,1317.142857142857,3054.285714285714
2021-02-05,1353,39100,140,40593,9.377093101138648,3280,1325.5714285714287,2958.5714285714284
2021-02-06,1208,32608,103,33919,7.856598016781083,3127,1338.2857142857142,2852.4285714285716
2021-02-07,1379,30989,127,32495,8.432934926958831,3399,1369.857142857143,2871.4285714285716
2021-02-08,1385,36132,118,37635,7.850964737192283,2803,1391.142857142857,2868.0
2021-02-09,1486,38387,156,40029,9.500609013398297,1771,1397.5714285714287,2793.714285714286
2021-02-10,1317,35729,146,37192,9.979494190020509,1668,1370.857142857143,2713.5714285714284
2021-02-11,1513,35722,146,37381,8.800482218203737,2470,1377.2857142857142,2645.4285714285716
2021-02-12,1416,35176,138,36730,8.880308880308881,2813,1386.2857142857142,2578.714285714286
2021-02-13,1262,32177,117,33556,8.484408992023205,3252,1394.0,2596.5714285714284
2021-02-14,1241,30699,123,32063,9.017595307917889,5061,1374.2857142857142,2834.0
2021-02-15,1987,32518,139,34644,6.538099717779869,3316,1460.2857142857142,2907.285714285714
2021-02-16,3552,34301,160,38013,4.310344827586207,1572,1755.4285714285713,2878.8571428571427
2021-02-17,4259,34387,237,38883,5.27135231316726,1387,2175.714285714286,2838.714285714286
2021-02-18,3717,34677,199,38593,5.0817160367722165,1407,2490.5714285714284,2686.8571428571427
2021-02-19,3221,33619,229,37069,6.63768115942029,2181,2748.4285714285716,2596.5714285714284
2021-02-20,2285,29374,167,31826,6.810766721044045,2247,2894.5714285714284,2453.0
2021-02-21,1771,29942,154,31867,8.0,2322,2970.285714285714,2061.714285714286
2021-02-22,1927,34108,165,36200,7.88718929254302,1839,2961.714285714286,1850.7142857142858
2021-02-23,2122,36328,171,38621,7.4574792847797635,1525,2757.4285714285716,1844.0
2021-02-24,1942,33607,165,35714,7.831039392501187,1487,2426.4285714285716,1858.2857142857142
2021-02-25,1802,33201,140,35143,7.209062821833162,1718,2152.8571428571427,1902.7142857142858
2021-02-26,1783,31978,145,33906,7.520746887966805,1975,1947.4285714285713,1873.2857142857142
2021-02-27,1555,27760,125,29440,7.440476190476191,2850,1843.142857142857,1959.4285714285713
2021-02-28,1400,29467,154,31021,9.90990990990991,1966,1790.142857142857,1908.5714285714287
2021-03-01,1812,32960,137,34909,7.029245767060031,1634,1773.7142857142858,1879.2857142857142
2021-03-02,1744,36722,156,38622,8.210526315789474,1026,1719.7142857142858,1808.0
2021-03-03,1664,39976,158,41798,8.67178924259056,1323,1680.0,1784.5714285714287
2021-03-04,1580,36523,168,38271,9.610983981693364,1128,1648.2857142857142,1700.2857142857142
2021-03-05,1394,35199,134,36727,8.769633507853403,1896,1592.7142857142858,1689.0
2021-03-06,1225,28501,127,29853,9.393491124260354,1515,1545.5714285714287,1498.2857142857142
2021-03-07,1193,29661,118,30972,9.000762776506484,1924,1516.0,1492.2857142857142
2021-03-08,1379,33251,126,34756,8.372093023255815,1277,1454.142857142857,1441.2857142857142
2021-03-09,2163,31788,208,34159,8.772669759595107,895,1514.0,1422.5714285714287
2021-03-10,1594,31867,140,33601,8.073817762399077,802,1504.0,1348.142857142857
2021-03-11,1316,32877,119,34312,8.292682926829269,1201,1466.2857142857142,1358.5714285714287
2021-03-12,1439,35389,145,36973,9.154040404040405,1576,1472.7142857142858,1312.857142857143
2021-03-13,1114,29516,130,30760,10.45016077170418,1317,1456.857142857143,1284.5714285714287
2021-03-14,1135,28980,113,30228,9.05448717948718,1491,1448.5714285714287,1222.7142857142858
2021-03-15,1520,32209,113,33842,6.919779546846296,958,1468.7142857142858,1177.142857142857
2021-03-16,1543,33548,127,35218,7.604790419161676,651,1380.142857142857,1142.2857142857142
2021-03-17,1647,32692,121,34460,6.843891402714933,693,1387.7142857142858,1126.7142857142858
2021-03-18,1462,33068,95,34625,6.101477199743096,853,1408.5714285714287,1077.0
2021-03-19,2157,32357,169,34683,7.265692175408427,1075,1511.142857142857,1005.4285714285714
2021-03-20,2014,30317,126,32457,5.887850467289719,956,1639.7142857142858,953.8571428571429
2021-03-21,1745,29001,127,30873,6.784188034188034,1078,1726.857142857143,894.8571428571429
2021-03-22,2241,34999,128,37368,5.403123680878007,718,1829.857142857143,860.5714285714286
2021-03-23,1798,34769,142,36709,7.31958762886598,553,1866.2857142857142,846.5714285714286
2021-03-24,1864,32662,121,34647,6.095717884130982,938,1897.2857142857142,881.5714285714286
2021-03-25,1843,32732,129,34704,6.54158215010142,753,1951.7142857142858,867.2857142857143
2021-03-26,1577,31838,109,33524,6.465005931198102,1126,1868.857142857143,874.5714285714286
2021-03-27,1310,25910,115,27335,8.070175438596491,981,1768.2857142857142,878.1428571428571
2021-03-28,1282,26692,94,28068,6.831395348837209,1042,1702.142857142857,873.0
2021-03-29,1327,33038,123,34488,8.482758620689655,851,1571.5714285714287,892.0
2021-03-30,1692,36163,146,38001,7.94341675734494,618,1556.4285714285713,901.2857142857143
2021-03-31,1813,35372,146,37331,7.452782031648801,548,1549.142857142857,845.5714285714286
2021-04-01,1868,33790,134,35792,6.693306693306693,729,1552.7142857142858,842.1428571428571
2021-04-02,1513,32471,116,34100,7.120933087783916,948,1543.5714285714287,816.7142857142857
2021-04-03,1380,28191,94,29665,6.377204884667571,816,1553.5714285714287,793.1428571428571
2021-04-04,1401,28101,105,29607,6.97211155378486,842,1570.5714285714287,764.5714285714286
2021-04-05,1820,32435,132,34387,6.762295081967213,708,1641.0,744.1428571428571
2021-04-06,1654,37437,108,39199,6.129398410896708,532,1635.5714285714287,731.8571428571429
2021-04-07,1654,38816,105,40575,5.969300739056282,362,1612.857142857143,705.2857142857143
2021-04-08,1527,36794,148,38469,8.835820895522389,749,1564.142857142857,708.1428571428571
2021-04-09,1764,34204,197,36165,10.04589495155533,821,1600.0,690.0
2021-04-10,1337,28974,137,30448,9.294436906377204,867,1593.857142857143,697.2857142857143
2021-04-11,1411,29552,135,31098,8.73221216041397,864,1595.2857142857142,700.4285714285714
2021-04-12,1445,34626,100,36171,6.472491909385113,740,1541.7142857142858,705.0
2021-04-13,2551,37068,172,39791,6.316562614763129,468,1669.857142857143,695.8571428571429
2021-04-14,1813,33744,127,35684,6.54639175257732,533,1692.5714285714287,720.2857142857143
2021-04-15,1755,35596,140,37491,7.387862796833773,751,1725.142857142857,720.5714285714286
2021-04-16,1536,34371,134,36041,8.023952095808383,782,1692.5714285714287,715.0
2021-04-17,1312,29638,140,31090,9.641873278236917,794,1689.0,704.5714285714286
2021-04-18,1644,29171,124,30939,7.013574660633484,807,1722.2857142857142,696.4285714285714
2021-04-19,1787,35372,155,37314,7.981462409886715,627,1771.142857142857,680.2857142857143
2021-04-20,1689,33851,132,35672,7.248764415156507,499,1648.0,684.7142857142857
2021-04-21,1664,34845,184,36693,9.956709956709958,463,1626.7142857142858,674.7142857142857
2021-04-22,2538,36966,183,39687,6.725468577728775,746,1738.5714285714287,674.0
2021-04-23,1931,34279,130,36340,6.307617661329452,767,1795.0,671.8571428571429
2021-04-24,1460,30327,110,31897,7.006369426751593,784,1816.142857142857,670.4285714285714
2021-04-25,1617,33139,140,34896,7.968127490039841,835,1812.2857142857142,674.4285714285714
2021-04-26,1820,37339,153,39312,7.754688291941206,654,1817.0,678.2857142857143
2021-04-27,1844,38740,168,40752,8.34990059642147,435,1839.142857142857,669.1428571428571
2021-04-28,1632,40924,164,42720,9.131403118040089,467,1834.5714285714287,669.7142857142857
2021-04-29,2613,37260,194,40067,6.911293195582473,546,1845.2857142857142,641.1428571428571
2021-04-30,1748,36464,158,38370,8.289611752360965,832,1819.142857142857,650.4285714285714
2021-05-01,1378,29384,106,30868,7.142857142857142,753,1807.4285714285713,646.0
2021-05-02,1479,30250,118,31847,7.3888541014402,806,1787.7142857142858,641.8571428571429
2021-05-03,1688,35744,152,37584,8.26086956521739,616,1768.857142857143,636.4285714285714
2021-05-04,1462,35117,145,36724,9.023024268823896,500,1714.2857142857142,645.7142857142857
2021-05-05,1641,36065,146,37852,8.17011751538892,470,1715.5714285714287,646.1428571428571
2021-05-06,1704,35949,158,37811,8.485499462943071,674,1585.7142857142858,664.4285714285714
2021-05-07,1584,34994,133,36711,7.746068724519511,714,1562.2857142857142,647.5714285714286
2021-05-08,1423,29142,115,30680,7.477243172951886,671,1568.7142857142858,635.8571428571429
2021-05-09,1420,27668,127,29215,8.209437621202326,806,1560.2857142857142,635.8571428571429
2021-05-10,1577,33204,138,34919,8.0466472303207,609,1544.4285714285713,634.8571428571429
2021-05-11,1510,34628,126,36264,7.701711491442542,408,1551.2857142857142,621.7142857142857
2021-05-12,1550,35561,147,37258,8.662345315262227,395,1538.2857142857142,611.0
2021-05-13,1558,35242,148,36948,8.675263774912075,598,1517.4285714285713,600.1428571428571
2021-05-14,1528,40487,142,42157,8.502994011976048,679,1509.4285714285713,595.1428571428571
2021-05-15,1542,32252,117,33911,7.05244122965642,583,1526.4285714285713,582.5714285714286
2021-05-16,1221,28501,76,29798,5.859676175790286,701,1498.0,567.5714285714286
2021-05-17,2009,33410,119,35538,5.592105263157895,442,1559.7142857142858,543.7142857142857
2021-05-18,1618,33327,124,35069,7.1182548794489096,437,1575.142857142857,547.8571428571429
2021-05-19,1533,32118,120,33771,7.259528130671507,362,1572.7142857142858,543.1428571428571
2021-05-20,1233,30284,128,31645,9.40484937545922,610,1526.2857142857142,544.8571428571429
2021-05-21,1321,30046,98,31465,6.906272022551092,583,1496.7142857142858,531.1428571428571
2021-05-22,1166,24494,72,25732,5.815831987075929,541,1443.0,525.1428571428571
2021-05-23,1182,25061,80,26323,6.339144215530904,649,1437.4285714285713,517.7142857142857
2021-05-24,1433,29751,92,31276,6.032786885245902,409,1355.142857142857,513.0
2021-05-25,1449,30489,122,32060,7.765754296626352,287,1331.0,491.57142857142856
2021-05-26,1462,30888,110,32460,6.997455470737914,555,1320.857142857143,519.1428571428571
2021-05-27,2114,31659,118,33891,5.28673835125448,518,1446.7142857142858,506.0
2021-05-28,1575,29511,112,31198,6.639004149377594,517,1483.0,496.57142857142856
2021-05-29,1175,24603,105,25883,8.203125,545,1484.2857142857142,497.14285714285717
2021-05-30,1239,25528,101,26868,7.537313432835821,703,1492.4285714285713,504.85714285714283
2021-05-31,1368,25180,76,26624,5.263157894736842,301,1483.142857142857,489.42857142857144
2021-06-01,1269,28736,91,30096,6.691176470588236,254,1457.4285714285713,484.7142857142857
2021-06-02,1297,29851,117,31265,8.274398868458274,232,1433.857142857143,438.57142857142856
2021-06-03,1393,28136,103,29632,6.885026737967914,332,1330.857142857143,412.0
2021-06-04,1446,28261,99,29806,6.407766990291262,492,1312.4285714285713,408.42857142857144
2021-06-05,1042,22929,96,24067,8.43585237258348,478,1293.4285714285713,398.85714285714283
2021-06-06,1195,23101,94,24390,7.292474786656323,586,1287.142857142857,382.14285714285717
2021-06-07,1491,25204,93,26788,5.871212121212121,394,1304.7142857142858,395.42857142857144
2021-06-08,1860,26095,120,28075,6.0606060606060606,423,1389.142857142857,419.57142857142856
2021-06-09,1879,28153,128,30160,6.37767812655705,322,1472.2857142857142,432.42857142857144
2021-06-10,2449,29079,130,31658,5.040713454827452,313,1623.142857142857,429.7142857142857
2021-06-11,1804,25927,114,27845,5.943691345151199,387,1674.2857142857142,414.7142857142857
2021-06-12,1354,21579,105,23038,7.196710075394106,382,1718.857142857143,401.0
2021-06-13,1502,23333,122,24957,7.512315270935961,403,1762.7142857142858,374.85714285714283
2021-06-14,1839,26556,124,28519,6.316861946001019,208,1812.4285714285713,348.2857142857143
2021-06-15,2061,27773,138,29972,6.2755798090040935,152,1841.142857142857,309.57142857142856
2021-06-16,2069,29318,150,31537,6.7598017124831005,199,1868.2857142857142,292.0
2021-06-17,2203,26762,153,29118,6.494057724957555,316,1833.142857142857,292.42857142857144
2021-06-18,2103,26549,125,28777,5.6104129263913824,336,1875.857142857143,285.14285714285717
2021-06-19,1751,24798,98,26647,5.300162249864792,279,1932.5714285714287,270.42857142857144
2021-06-20,1611,23522,100,25233,5.844535359438924,272,1948.142857142857,251.71428571428572
2021-06-21,1644,25147,113,26904,6.4314171883893,251,1920.2857142857142,257.85714285714283
2021-06-22,1871,27499,122,29492,6.121424987456097,223,1893.142857142857,268.0
2021-06-23,1885,27680,124,29689,6.172224987555998,266,1866.857142857143,277.57142857142856
2021-06-24,2033,25787,124,27944,5.748725081131201,308,1842.5714285714287,276.42857142857144
2021-06-25,2384,25261,114,27759,4.563650920736589,326,1882.7142857142858,275.0
2021-06-26,1983,22738,116,24837,5.526441162458314,315,1915.857142857143,280.14285714285717
2021-06-27,2157,22415,119,24691,5.228471001757469,412,1993.857142857143,300.14285714285717
2021-06-28,2845,27975,168,30988,5.575838035180883,242,2165.4285714285716,298.85714285714283
2021-06-29,3906,27843,202,31951,4.917234664070107,173,2456.1428571428573,291.7142857142857
2021-06-30,4564,29007,215,33786,4.498849131617493,183,2838.8571428571427,279.85714285714283
2021-07-01,3160,24534,173,27867,5.190519051905191,282,2999.8571428571427,276.14285714285717
2021-07-02,3221,22540,160,25921,4.732327713694174,244,3119.4285714285716,264.42857142857144
2021-07-03,3076,18548,138,21762,4.293714996888612,289,3275.5714285714284,260.7142857142857
2021-07-04,2425,19616,128,22169,5.013709361535448,304,3313.8571428571427,245.28571428571428
2021-07-05,2132,23352,128,25612,5.663716814159292,152,3212.0,232.42857142857142
2021-07-06,2419,28425,134,30978,5.248726987857422,125,2999.5714285714284,225.57142857142858
2021-07-07,2695,26817,149,29661,5.239099859353024,103,2732.5714285714284,214.14285714285714
2021-07-08,2730,27694,160,30584,5.536332179930796,301,2671.1428571428573,216.85714285714286
2021-07-09,2432,27103,129,29664,5.037094884810621,250,2558.4285714285716,217.71428571428572
2021-07-10,2217,21907,146,24270,6.178586542530681,262,2435.714285714286,213.85714285714286
2021-07-11,1969,22221,138,24328,6.549596582819175,316,2370.5714285714284,215.57142857142858
2021-07-12,2842,26378,149,29369,4.981611501170177,149,2472.0,215.14285714285714
2021-07-13,2554,29653,143,32350,5.302187615869484,119,2491.285714285714,214.28571428571428
2021-07-14,2748,28398,158,31304,5.437026841018582,295,2498.8571428571427,241.71428571428572
2021-07-15,3074,29653,167,32894,5.152730638691762,337,2548.0,246.85714285714286
2021-07-16,3093,32653,201,35947,6.10200364298725,342,2642.4285714285716,260.0
2021-07-17,2489,28517,181,31187,6.7790262172284645,319,2681.285714285714,268.14285714285717
2021-07-18,2457,27917,171,30545,6.506849315068493,370,2751.0,275.85714285714283
2021-07-19,2347,35596,184,38127,7.269853812722244,183,2680.285714285714,280.7142857142857
2021-07-20,2809,36899,228,39936,7.507408626934476,146,2716.714285714286,284.57142857142856
2021-07-21,4204,35738,283,40225,6.3071094272342325,284,2924.714285714286,283.0
2021-07-22,3250,36504,231,39985,6.63602413099684,320,2949.8571428571427,280.57142857142856
2021-07-23,2732,37315,202,40249,6.8847989093387865,399,2898.285714285714,288.7142857142857
2021-07-24,2141,31773,195,34109,8.347602739726028,338,2848.5714285714284,291.42857142857144
2021-07-25,2183,31248,172,33603,7.3036093418259025,414,2809.4285714285716,297.7142857142857
2021-07-26,3057,37867,227,41151,6.912302070645554,254,2910.8571428571427,307.85714285714283
2021-07-27,2971,38619,203,41793,6.395715185885319,249,2934.0,322.57142857142856
2021-07-28,2835,44690,230,47755,7.504078303425775,411,2738.4285714285716,340.7142857142857
2021-07-29,3820,43394,279,47493,6.806538180043913,499,2819.8571428571427,366.2857142857143
2021-07-30,2651,44711,237,47599,8.206371191135734,494,2808.285714285714,379.85714285714283
2021-07-31,2001,38829,235,41065,10.509838998211093,495,2788.285714285714,402.2857142857143
2021-08-01,1881,39322,186,41389,8.99854862119013,525,2745.1428571428573,418.14285714285717
2021-08-02,3367,42017,346,45730,9.318610288176677,395,2789.4285714285716,438.2857142857143
2021-08-03,2857,44064,263,47184,8.42948717948718,370,2773.1428571428573,455.57142857142856
2021-08-04,2038,45418,189,47645,8.486753480017962,656,2659.285714285714,490.57142857142856
2021-08-05,2473,47462,224,50159,8.305524657026325,700,2466.8571428571427,519.2857142857143
2021-08-06,2874,45649,281,48804,8.906497622820918,741,2498.714285714286,554.5714285714286
2021-08-07,2547,39130,248,41925,8.87298747763864,753,2576.714285714286,591.4285714285714
2021-08-08,2235,37956,193,40384,7.948929159802306,838,2627.285714285714,636.1428571428571
2021-08-09,6198,44108,589,50895,8.678355679976425,648,3031.714285714286,672.2857142857143
2021-08-10,6107,49230,434,55771,6.6350710900473935,527,3496.0,694.7142857142857
2021-08-11,4595,49349,380,54324,7.63819095477387,720,3861.285714285714,703.8571428571429
2021-08-12,4047,47399,371,51817,8.397464916251698,961,4086.1428571428573,741.1428571428571
2021-08-13,3513,49251,353,53117,9.130884635281946,612,4177.428571428572,722.7142857142857
2021-08-14,3346,41648,328,45322,8.927599346761024,973,4291.571428571428,754.1428571428571
2021-08-15,2944,41953,307,45204,9.443248231313442,1196,4392.857142857143,805.2857142857143
2021-08-16,3196,40613,324,44133,9.204545454545451,904,3964.0,841.8571428571429
2021-08-17,2638,42503,249,45390,8.6248701073779,679,3468.4285714285716,863.5714285714286
2021-08-18,2294,43226,234,45754,9.25632911392405,845,3139.714285714286,881.4285714285714
2021-08-19,2435,44698,262,47395,9.71449758991472,1193,2909.4285714285716,914.5714285714286
2021-08-20,2452,43545,224,46221,8.370702541106128,1497,2757.8571428571427,1041.0
2021-08-21,2079,41782,221,44082,9.608695652173912,1381,2576.8571428571427,1099.2857142857142
2021-08-22,2282,43563,214,46059,8.573717948717949,1556,2482.285714285714,1150.7142857142858
2021-08-23,2814,50280,231,53325,7.586206896551724,1169,2427.714285714286,1188.5714285714287
2021-08-24,2628,52952,274,55854,9.441764300482426,899,2426.285714285714,1220.0
2021-08-25,2434,54420,258,57112,9.583952451708768,1205,2446.285714285714,1271.4285714285713
2021-08-26,2185,58872,279,61336,11.32305194805195,1655,2410.5714285714284,1337.4285714285713
2021-08-27,2131,51654,252,54037,10.574905581200168,1658,2364.714285714286,1360.4285714285713
2021-08-28,1846,43080,182,45108,8.974358974358974,1760,2331.4285714285716,1414.5714285714287
2021-08-29,2318,44014,255,46587,9.910610182666147,1837,2336.5714285714284,1454.7142857142858
2021-08-30,2892,48139,251,51282,7.986000636334713,1460,2347.714285714286,1496.2857142857142
2021-08-31,2897,50436,255,53588,8.09010152284264,1183,2386.1428571428573,1536.857142857143
2021-09-01,2456,53214,257,55927,9.472908219683006,1243,2389.285714285714,1542.2857142857142
2021-09-02,3112,58072,284,61468,8.362779740871613,1807,2521.714285714286,1564.0
2021-09-03,2971,48209,253,51433,7.847394540942928,2015,2641.714285714286,1615.0
2021-09-04,2019,41753,197,43969,8.889891696750903,2028,2666.4285714285716,1653.2857142857142
2021-09-05,2008,37822,207,40037,9.345372460496613,1973,2622.1428571428573,1672.7142857142858
2021-09-06,2816,39917,283,43016,9.131978057437882,1490,2611.285714285714,1677.0
2021-09-07,2768,44019,329,47116,10.623183726186632,1324,2592.8571428571427,1697.142857142857
2021-09-08,2850,46915,329,50094,10.349166404529726,1092,2649.1428571428573,1675.5714285714287
2021-09-09,2525,47912,233,50670,8.448150833937635,1522,2565.285714285714,1634.857142857143
2021-09-10,2267,57655,274,60196,10.783156237701691,2119,2464.714285714286,1649.7142857142858
2021-09-11,1908,41566,205,43679,9.70184571699006,2246,2448.8571428571427,1680.857142857143
2021-09-12,2217,37796,232,40245,9.473254389546751,2292,2478.714285714286,1726.4285714285713
2021-09-13,2631,44237,244,47112,8.486956521739131,1739,2452.285714285714,1762.0
2021-09-14,2970,47190,272,50432,8.389882788402222,1140,2481.1428571428573,1735.7142857142858
2021-09-15,2632,45631,202,48465,7.127734650670431,1352,2450.0,1772.857142857143
2021-09-16,2439,47380,208,50027,7.857952398942198,2413,2437.714285714286,1900.142857142857
2021-09-17,2579,45169,275,48023,9.635599159074983,2499,2482.285714285714,1954.4285714285713
2021-09-18,2495,35132,225,37852,8.272058823529411,2108,2566.1428571428573,1934.7142857142858
2021-09-19,2241,35117,229,37587,9.271255060728745,2339,2569.5714285714284,1941.4285714285713
2021-09-20,2291,41694,231,44216,9.1593973037272,1589,2521.0,1920.0
2021-09-21,2747,45383,291,48421,9.57867017774852,1194,2489.1428571428573,1927.7142857142858
2021-09-22,2521,42538,236,45295,8.560029017047516,1368,2473.285714285714,1930.0
2021-09-23,2912,41232,216,44360,6.905370843989769,2345,2540.8571428571427,1920.2857142857142
2021-09-24,2602,37019,215,39836,7.632232871849485,2350,2544.1428571428573,1899.0
2021-09-25,2291,30291,153,32735,6.260229132569559,2073,2515.0,1894.0
2021-09-26,2101,32393,170,34664,7.485689123734038,2465,2495.0,1912.0
2021-09-27,2645,38277,207,41129,7.258064516129033,1435,2545.5714285714284,1890.0
2021-09-28,2319,39736,205,42260,8.12202852614897,1019,2484.4285714285716,1865.0
2021-09-29,2702,39453,216,42371,7.402330363262509,1957,2510.285714285714,1949.142857142857
2021-09-30,2315,37566,200,40081,7.952286282306163,2155,2425.0,1922.0
2021-10-01,2146,34969,167,37282,7.220060527453523,2253,2359.8571428571427,1908.142857142857
2021-10-02,1760,29725,156,31641,8.1419624217119,1962,2284.0,1892.2857142857142
2021-10-03,1796,30921,137,32854,7.087428867046043,2211,2240.4285714285716,1856.0
2021-10-04,2740,34530,179,37449,6.132237067488866,1287,2254.0,1834.857142857143
2021-10-05,2223,33975,177,36375,7.375,942,2240.285714285714,1823.857142857143
2021-10-06,2125,34773,212,37110,9.071459135643988,1356,2157.8571428571427,1738.0
2021-10-07,2545,33422,176,36143,6.468210216832047,2055,2190.714285714286,1723.7142857142858
2021-10-08,2260,32042,177,34479,7.263028313500206,2053,2207.0,1695.142857142857
2021-10-09,1542,27719,134,29395,7.995226730310262,1738,2175.8571428571427,1663.142857142857
2021-10-10,1942,26375,126,28443,6.09284332688588,2253,2196.714285714286,1669.142857142857
2021-10-11,2118,29508,171,31797,7.470511140235911,1051,2107.8571428571427,1635.4285714285713
2021-10-12,2442,33602,164,36208,6.293169608595549,1013,2139.1428571428573,1645.5714285714287
2021-10-13,2310,34696,171,37177,6.892382103990327,1024,2165.5714285714284,1598.142857142857
2021-10-14,2478,34214,138,36830,5.275229357798166,1914,2156.0,1578.0
2021-10-15,2476,31920,166,34562,6.283118849356548,1846,2186.8571428571427,1548.4285714285713
2021-10-16,2002,26798,138,28938,6.4485981308411215,1576,2252.5714285714284,1525.2857142857142
2021-10-17,1875,26400,112,28387,5.636638147961751,2038,2243.0,1494.5714285714287
2021-10-18,2164,32718,164,35046,7.0446735395189,892,2249.5714285714284,1471.857142857143
2021-10-19,3116,32658,185,35959,5.604362314450166,695,2345.8571428571427,1426.4285714285713
2021-10-20,3052,33748,198,36998,6.092307692307692,2330,2451.8571428571427,1613.0
2021-10-21,2596,33087,183,35866,6.585102554875855,1849,2468.714285714286,1603.7142857142858
2021-10-22,2080,30527,160,32767,7.142857142857142,1841,2412.1428571428573,1603.0
2021-10-23,1725,23800,94,25619,5.167674546454096,1523,2372.5714285714284,1595.4285714285713
2021-10-24,1972,26090,141,28203,6.6729768102224325,1961,2386.4285714285716,1584.4285714285713
2021-10-25,2332,29849,160,32341,6.420545746388442,654,2410.4285714285716,1550.4285714285713
2021-10-26,2317,30663,143,33123,5.8130081300813,347,2296.285714285714,1500.7142857142858
2021-10-27,2991,30578,161,33730,5.1078680203045685,1030,2287.5714285714284,1315.0
2021-10-28,2750,29985,184,32919,6.27130197682345,2052,2309.5714285714284,1344.0
2021-10-29,2776,28808,168,31752,5.706521739130435,1765,2409.0,1333.142857142857
2021-10-30,2265,24887,156,27308,6.443618339529119,1277,2486.1428571428573,1298.0
2021-10-31,2168,22753,157,25078,6.75268817204301,1790,2514.1428571428573,1273.5714285714287
2021-11-01,3580,26919,237,30736,6.209064710505633,453,2692.4285714285716,1244.857142857143
2021-11-02,4180,27907,246,32333,5.5580659737912335,302,2958.5714285714284,1238.4285714285713
2021-11-03,3414,32714,229,36357,6.286027998902004,1196,3019.0,1262.142857142857
2021-11-04,2804,29791,187,32782,6.252089602139753,1450,3026.714285714286,1176.142857142857
2021-11-05,2444,32802,163,35409,6.252397391637898,1188,2979.285714285714,1093.7142857142858
2021-11-06,2245,26998,130,29373,5.473684210526316,1204,2976.4285714285716,1083.2857142857142
2021-11-07,2262,24167,130,26559,5.434782608695652,1614,2989.8571428571427,1058.142857142857
2021-11-08,2873,27037,182,30092,5.957446808510639,476,2888.8571428571427,1061.4285714285713
2021-11-09,2624,30083,178,32885,6.35260528194147,256,2666.5714285714284,1054.857142857143
2021-11-10,2638,30464,170,33272,6.054131054131054,1161,2555.714285714286,1049.857142857143
2021-11-11,2461,27011,148,29620,5.672671521655807,1587,2506.714285714286,1069.4285714285713
2021-11-12,2345,27409,136,29890,5.481660620717452,1345,2492.5714285714284,1091.857142857143
2021-11-13,1917,24578,135,26630,6.578947368421052,970,2445.714285714286,1058.4285714285713
2021-11-14,2175,26563,146,28884,6.290392072382593,1734,2433.285714285714,1075.5714285714287
2021-11-15,2170,27340,158,29668,6.786941580756014,544,2332.8571428571427,1085.2857142857142
2021-11-16,2724,29677,163,32564,5.645999307239348,217,2347.1428571428573,1079.7142857142858
2021-11-17,2940,29872,215,33027,6.814580031695722,1080,2390.285714285714,1068.142857142857
2021-11-18,2324,29619,164,32107,6.591639871382636,1464,2370.714285714286,1050.5714285714287
2021-11-19,2330,29922,164,32416,6.5757818765036085,1442,2368.5714285714284,1064.4285714285713
2021-11-20,1796,22887,129,24812,6.701298701298701,3867,2351.285714285714,1478.2857142857142
2021-11-21,2362,25082,166,27610,6.566455696202532,1662,2378.0,1468.0
2021-11-22,2101,27868,153,30122,6.787932564330079,374,2368.1428571428573,1443.7142857142858
2021-11-23,2273,29389,136,31798,5.64549605645496,177,2303.714285714286,1438.0
2021-11-24,2425,28938,145,31508,5.642023346303502,1177,2230.1428571428573,1451.857142857143
2021-11-25,1892,25101,135,27128,6.660088801184017,1560,2168.4285714285716,1465.5714285714287
2021-11-26,1908,30513,126,32547,6.1946902654867255,1374,2108.1428571428573,1455.857142857143
2021-11-27,2082,34223,198,36503,8.68421052631579,465,2149.0,969.8571428571429
2021-11-28,1716,32437,152,34305,8.137044967880087,563,2056.714285714286,812.8571428571429
2021-11-29,2005,34636,171,36812,7.858455882352941,214,2043.0,790.0
2021-11-30,2019,35003,189,37211,8.559782608695652,193,2006.7142857142858,792.2857142857143
2021-12-01,1841,35419,162,37422,8.087868197703445,1663,1923.2857142857142,861.7142857142857
2021-12-02,1738,36005,173,37916,9.052851909994768,1622,1901.2857142857142,870.5714285714286
2021-12-03,1933,34938,147,37018,7.0673076923076925,1727,1904.857142857143,921.0
2021-12-04,1537,28209,143,29889,8.511904761904763,1244,1827.0,1032.2857142857142
2021-12-05,1453,28362,103,29918,6.619537275064268,1641,1789.4285714285713,1186.2857142857142
2021-12-06,1856,32844,158,34858,7.845084409136048,572,1768.142857142857,1237.4285714285713
2021-12-07,1817,32369,135,34321,6.915983606557377,281,1739.2857142857142,1250.0
2021-12-08,1925,33287,159,35371,7.629558541266794,1288,1751.2857142857142,1196.4285714285713
2021-12-09,1785,34018,172,35975,8.788962698007154,1832,1758.0,1226.4285714285713
2021-12-10,1879,32736,148,34763,7.301430685742477,1480,1750.2857142857142,1191.142857142857
2021-12-11,2149,27514,150,29813,6.524575902566333,1162,1837.7142857142858,1179.4285714285713
2021-12-12,2437,27725,151,30313,5.834621329211746,1971,1978.2857142857142,1226.5714285714287
2021-12-13,2299,35946,194,38439,7.781789009225832,490,2041.5714285714287,1214.857142857143
2021-12-14,2654,39920,192,42766,6.746310611384399,306,2161.1428571428573,1218.4285714285713
2021-12-15,2430,42207,217,44854,8.19795995466566,1312,2233.285714285714,1221.857142857143
2021-12-16,2332,43746,200,46278,7.898894154818326,1908,2311.4285714285716,1232.7142857142858
2021-12-17,2345,47500,206,50051,8.075264602116818,1900,2378.0,1292.7142857142858
2021-12-18,1881,42263,206,44350,9.870627695256347,1115,2339.714285714286,1286.0
2021-12-19,2625,42978,254,45857,8.822507815213616,2034,2366.5714285714284,1295.0
2021-12-20,2354,47830,221,50405,8.58252427184466,590,2374.4285714285716,1309.2857142857142
2021-12-21,1953,53814,187,55954,8.738317757009346,286,2274.285714285714,1306.4285714285713
2021-12-22,1846,52673,195,54714,9.554140127388536,1467,2190.8571428571427,1328.5714285714287
2021-12-23,1696,45896,171,47763,9.159078735940012,2259,2100.0,1378.7142857142858
2021-12-24,1534,43465,149,45148,8.85323826500297,1854,1984.142857142857,1372.142857142857
2021-12-25,1582,34165,200,35947,11.22334455667789,3177,1941.4285714285713,1666.7142857142858
2021-12-26,1895,39538,296,41729,13.509812870835235,1368,1837.142857142857,1571.5714285714287
2021-12-27,2407,44704,360,47471,13.010480664980124,262,1844.7142857142858,1524.7142857142858
2021-12-28,2556,46963,316,49835,11.002785515320337,266,1930.857142857143,1521.857142857143
2021-12-29,2984,50934,396,54314,11.715976331360949,1786,2093.4285714285716,1567.4285714285713
2021-12-30,2811,56210,382,59403,11.963670529282806,2331,2252.714285714286,1577.7142857142858
2021-12-31,2799,53093,326,56218,10.432,1823,2433.4285714285716,1573.2857142857142
