measurement,metric,label,measurement_order,direction,specification,n,selected_p,selected_q,horizon_key,estimate,se,ci_low,ci_high,pvalue
NRC Emotion Lexicon,anger,Anger,0,COVID-to-climate,ECM,705,2,1,short_run,0.14394243380332206,0.05054556044689895,0.044873135327400115,0.243011732279244,0.004535693606983502
NRC Emotion Lexicon,anger,Anger,0,COVID-to-climate,ECM,705,2,1,long_run,0.1322650323026268,0.05466878370919649,0.02511421623260167,0.2394158483726519,0.015546621667837844
NRC Emotion Lexicon,anger,Anger,0,climate-to-COVID,ECM,705,2,1,short_run,0.07179279997493043,0.026854499717041652,0.019157980529528794,0.12442761942033206,0.0076891438139976955
NRC Emotion Lexicon,anger,Anger,0,climate-to-COVID,ECM,705,2,1,long_run,0.16678543049312436,0.11337305871548618,-0.05542576458922854,0.38899662557547726,0.14125853275247308
NRC Emotion Lexicon,sadness,Sadness,0,COVID-to-climate,ECM,705,2,1,short_run,0.19089897403961542,0.08253771575547955,0.02912505115887551,0.3526728969203553,0.021027831875905865
NRC Emotion Lexicon,sadness,Sadness,0,COVID-to-climate,ECM,705,2,1,long_run,0.31425706805436415,0.09917446748281664,0.11987511178804355,0.5086390243206848,0.00153106779048291
NRC Emotion Lexicon,sadness,Sadness,0,climate-to-COVID,ECM,705,3,1,short_run,0.06279210802029964,0.030540128692825127,0.0029334557823623916,0.12265076025823687,0.040159753450943296
NRC Emotion Lexicon,sadness,Sadness,0,climate-to-COVID,ECM,705,3,1,long_run,0.34856642148335176,0.10665397392518766,0.13952463258998396,0.5576082103767196,0.0010823419747386879
NRC Emotion Lexicon,fear,Fear,0,COVID-to-climate,ECM,705,4,1,short_run,0.276586648456504,0.12996569589509077,0.02185388450212611,0.5313194124108819,0.033685132872009485
NRC Emotion Lexicon,fear,Fear,0,COVID-to-climate,ECM,705,4,1,long_run,0.28943413072764507,0.14153172432729996,0.012031951046137135,0.5668363104091529,0.04085363598587213
NRC Emotion Lexicon,fear,Fear,0,climate-to-COVID,ECM,705,2,1,short_run,0.024528580013950713,0.011331139717234444,0.0023195461681712014,0.04673761385973023,0.030758001443428468
NRC Emotion Lexicon,fear,Fear,0,climate-to-COVID,ECM,705,2,1,long_run,0.0556229435509943,0.06087216214125921,-0.06368649424587376,0.17493238134786238,0.3608395440374903
NRC Emotion Lexicon,disgust,Disgust,0,COVID-to-climate,ECM,705,1,1,short_run,0.27021855368734066,0.08933183991656526,0.09512814745087275,0.4453089599238086,0.0025810316582823584
NRC Emotion Lexicon,disgust,Disgust,0,COVID-to-climate,ECM,705,1,1,long_run,0.375340037206567,0.10189870822610364,0.17561856908340387,0.5750615053297301,0.00023008744122923842
NRC Emotion Lexicon,disgust,Disgust,0,climate-to-COVID,ECM,705,3,1,short_run,0.040880910632985094,0.018005824098399053,0.0055894954001229485,0.07617232586584724,0.023494623622208458
NRC Emotion Lexicon,disgust,Disgust,0,climate-to-COVID,ECM,705,3,1,long_run,0.149243303808087,0.06580307984234639,0.020269267317088085,0.27821734029908596,0.023327429522039228
NRC Emotion Lexicon,joy,Joy,0,COVID-to-climate,ECM,705,2,1,short_run,0.1848678839098007,0.15081047653736734,-0.11072065010343929,0.48045641792304067,0.2206879443094558
NRC Emotion Lexicon,joy,Joy,0,COVID-to-climate,ECM,705,2,1,long_run,0.05121223517317804,0.2246970012562483,-0.3891938872890687,0.4916183576354247,0.8197108745870858
NRC Emotion Lexicon,joy,Joy,0,climate-to-COVID,ECM,705,3,1,short_run,0.008204422795661586,0.00881249933547031,-0.009068075901860219,0.02547692149318339,0.3521857669616435
NRC Emotion Lexicon,joy,Joy,0,climate-to-COVID,ECM,705,3,1,long_run,0.03471144155325725,0.052294823906501996,-0.06778641330348667,0.13720929641000115,0.5068411246090452
NRC Emotion Lexicon,anticipation,Anticipation,0,COVID-to-climate,ECM,705,4,1,short_run,0.1872242320038947,0.10899613975683779,-0.02640820191950735,0.40085666592729674,0.08630601614309148
NRC Emotion Lexicon,anticipation,Anticipation,0,COVID-to-climate,ECM,705,4,1,long_run,0.07846622445934646,0.1795270461449409,-0.27340678598473767,0.4303392349034306,0.6620592162210761
NRC Emotion Lexicon,anticipation,Anticipation,0,climate-to-COVID,ECM,705,2,1,short_run,0.020485740441591627,0.013713292698280284,-0.006392313247037731,0.04736379413022099,0.13567673376856007
NRC Emotion Lexicon,anticipation,Anticipation,0,climate-to-COVID,ECM,705,2,1,long_run,0.06749848948725763,0.06841249250062273,-0.06658999581396292,0.2015869747884782,0.3238192404262277
NRC Emotion Lexicon,trust,Trust,0,COVID-to-climate,ECM,705,4,1,short_run,0.1553403231014229,0.07389432858433062,0.010507439076134883,0.3001732071267109,0.03590492612662867
NRC Emotion Lexicon,trust,Trust,0,COVID-to-climate,ECM,705,4,1,long_run,0.2352676895668461,0.18061319398582862,-0.11873417064537797,0.5892695497790702,0.19270957421719137
NRC Emotion Lexicon,trust,Trust,0,climate-to-COVID,ECM,705,3,1,short_run,0.045486317582482054,0.02168431571057883,0.002985058789747544,0.08798757637521656,0.03630484374351092
NRC Emotion Lexicon,trust,Trust,0,climate-to-COVID,ECM,705,3,1,long_run,0.15253442139515141,0.08728258945303369,-0.018539453932794603,0.32360829672309743,0.08053456992529814
NRC Emotion Lexicon,surprise,Surprise,0,COVID-to-climate,ECM,705,2,1,short_run,0.12006259172706474,0.07047655300980955,-0.018071452172161995,0.25819663562629147,0.0889167639396214
NRC Emotion Lexicon,surprise,Surprise,0,COVID-to-climate,ECM,705,2,1,long_run,0.217879123434271,0.08861956188670736,0.04418478213632457,0.39157346473221744,0.01394840085990953
NRC Emotion Lexicon,surprise,Surprise,0,climate-to-COVID,ECM,705,2,1,short_run,0.06464721990037,0.04034554699022489,-0.014430052200470778,0.1437244920012108,0.10954586662161732
NRC Emotion Lexicon,surprise,Surprise,0,climate-to-COVID,ECM,705,2,1,long_run,0.2104327456811735,0.16381508449569882,-0.11064481993039618,0.5315103112927432,0.1989408746753102
NRC Emotion Lexicon,negative,Negative emotion,0,COVID-to-climate,ECM,705,4,1,short_run,0.317554258363616,0.11443038472235839,0.09327070430779355,0.5418378124194385,0.005670982483588336
NRC Emotion Lexicon,negative,Negative emotion,0,COVID-to-climate,ECM,705,4,1,long_run,0.41195757271330563,0.15657475493622589,0.10507105303830289,0.7188440923883084,0.008511901024999935
NRC Emotion Lexicon,negative,Negative emotion,0,climate-to-COVID,ECM,705,2,1,short_run,0.03946979715396003,0.014048487950341448,0.011934760771290794,0.06700483353662927,0.005103995635269203
NRC Emotion Lexicon,negative,Negative emotion,0,climate-to-COVID,ECM,705,2,1,long_run,0.11322654888049162,0.055629996637524465,0.004191755470943678,0.22226134229003958,0.04181560484030233
NRC Emotion Lexicon,positive,Positive emotion,0,COVID-to-climate,ECM,705,4,1,short_run,0.1279373353785231,0.11504623721515159,-0.09755328956317402,0.35342796032022017,0.26651076589644357
NRC Emotion Lexicon,positive,Positive emotion,0,COVID-to-climate,ECM,705,4,1,long_run,0.3317019121120612,0.2638390654491763,-0.18542265616832437,0.8488264803924468,0.20867650462592524
NRC Emotion Lexicon,positive,Positive emotion,0,climate-to-COVID,ECM,705,2,1,short_run,0.01860672730098928,0.013046280929412079,-0.006963983320658396,0.04417743792263695,0.15426753120762574
NRC Emotion Lexicon,positive,Positive emotion,0,climate-to-COVID,ECM,705,2,1,long_run,0.06270063310462494,0.058803696581654276,-0.05255461219541743,0.1779558784046673,0.2863014873005786
LIWC-22,emo_anger,Anger,1,COVID-to-climate,ECM,705,1,1,short_run,0.1727155319875535,0.09492395514749129,-0.013335420101529438,0.3587664840766364,0.06927253375273712
LIWC-22,emo_anger,Anger,1,COVID-to-climate,ECM,705,1,1,long_run,0.03922915819881539,0.11443738261219563,-0.18506811172108803,0.2635264281187188,0.7317487718547744
LIWC-22,emo_anger,Anger,1,climate-to-COVID,ECM,705,4,1,short_run,0.023355996576556088,0.013670502931533858,-0.0034381891692502747,0.05015018232236245,0.08800275615098903
LIWC-22,emo_anger,Anger,1,climate-to-COVID,ECM,705,4,1,long_run,0.05622498323863904,0.08892055896003918,-0.11805931232303776,0.23050927880031583,0.5271870885287441
LIWC-22,emo_sad,Sadness,1,COVID-to-climate,ECM,705,1,1,short_run,0.2080178600783643,0.1099544126480445,-0.007492788711802922,0.4235285088685315,0.058934857157035156
LIWC-22,emo_sad,Sadness,1,COVID-to-climate,ECM,705,1,1,long_run,0.1926153332193929,0.11292946382653488,-0.028726415880615447,0.4139570823194012,0.0880778944732302
LIWC-22,emo_sad,Sadness,1,climate-to-COVID,ECM,705,2,1,short_run,0.04403382225182625,0.021193618981410693,0.0024943290482612873,0.08557331545539121,0.03811291806439184
LIWC-22,emo_sad,Sadness,1,climate-to-COVID,ECM,705,2,1,long_run,0.1142875081377189,0.04004761907174473,0.03579417475709924,0.19278084151833857,0.004320103288648757
LIWC-22,emo_anx,Anxiety,1,COVID-to-climate,ECM,705,1,1,short_run,0.2897081434487697,0.1633976273448581,-0.030551206147152177,0.6099674930446917,0.07667207867087818
LIWC-22,emo_anx,Anxiety,1,COVID-to-climate,ECM,705,1,1,long_run,0.5118052659565404,0.14239278637278405,0.2327154046658837,0.7908951272471971,0.0003252396758774612
LIWC-22,emo_anx,Anxiety,1,climate-to-COVID,ECM,705,3,1,short_run,0.014895773775131325,0.010276775191737267,-0.0052467056006737164,0.035038253150936366,0.14767155962821243
LIWC-22,emo_anx,Anxiety,1,climate-to-COVID,ECM,705,3,1,long_run,0.07488818034246816,0.048217152076125605,-0.01961743772673802,0.16939379841167435,0.12038873686560368
LIWC-22,emo_neg,Negative emotion,1,COVID-to-climate,ECM,705,1,1,short_run,0.10923717366260219,0.07272813395449128,-0.0333099688882007,0.2517843162134051,0.13356303554599325
LIWC-22,emo_neg,Negative emotion,1,COVID-to-climate,ECM,705,1,1,long_run,0.12913460363167975,0.062252215627360656,0.007120261002052861,0.2511489462613066,0.0380442530337573
LIWC-22,emo_neg,Negative emotion,1,climate-to-COVID,ECM,705,3,1,short_run,0.02618499365951489,0.0198653584155647,-0.01275110883499192,0.0651210961540217,0.18790749147602692
LIWC-22,emo_neg,Negative emotion,1,climate-to-COVID,ECM,705,3,1,long_run,0.17522515825761134,0.11233279901007413,-0.044947127802133946,0.39539744431735663,0.11878935311252693
LIWC-22,emo_pos,Positive emotion,1,COVID-to-climate,ECM,705,1,1,short_run,0.03211022219619247,0.21720202467629093,-0.39360574616933774,0.4578261905617227,0.8825162263507196
LIWC-22,emo_pos,Positive emotion,1,COVID-to-climate,ECM,705,1,1,long_run,-0.227639700985159,0.21668395181049277,-0.6523402465337249,0.19706084456340683,0.2934602781585386
LIWC-22,emo_pos,Positive emotion,1,climate-to-COVID,ECM,705,6,1,short_run,0.002913895307729244,0.017008560638683827,-0.030422883544091055,0.036250674159549544,0.8640240216974082
LIWC-22,emo_pos,Positive emotion,1,climate-to-COVID,ECM,705,6,1,long_run,-0.0018405190318360408,0.11015246803463659,-0.21773935637972375,0.21405831831605165,0.9866689015972515
VADER,negative,Negative sentiment,2,COVID-to-climate,ECM,705,2,1,short_run,0.29418928906649167,0.09659126247135232,0.10487041462264113,0.4835081635103422,0.002411177892887214
VADER,negative,Negative sentiment,2,COVID-to-climate,ECM,705,2,1,long_run,0.27354897802288136,0.07836967667770424,0.11994441173458106,0.4271535443111817,0.0004821263253946517
VADER,negative,Negative sentiment,2,climate-to-COVID,ECM,705,2,1,short_run,0.050628697970154776,0.01732360468715715,0.01667443278332676,0.0845829631569828,0.0035874704934223903
VADER,negative,Negative sentiment,2,climate-to-COVID,ECM,705,2,1,long_run,0.19397557387485972,0.12186505096660333,-0.0448799260196828,0.4328310737694022,0.11144664565373598
VADER,positive,Positive sentiment,2,COVID-to-climate,ECM,705,4,1,short_run,0.0782212932273702,0.18672332369818861,-0.2877564212210795,0.4441990076758199,0.6754107667657445
VADER,positive,Positive sentiment,2,COVID-to-climate,ECM,705,4,1,long_run,0.07454761887461735,0.32367565123575354,-0.5598566575474596,0.7089518952966943,0.8178463784087184
VADER,positive,Positive sentiment,2,climate-to-COVID,ECM,705,2,1,short_run,0.002538205659253919,0.010674798630019898,-0.018384399655585082,0.023460810974092916,0.812126946446075
VADER,positive,Positive sentiment,2,climate-to-COVID,ECM,705,2,1,long_run,-0.0076971230545825236,0.047771451752203785,-0.10132916848890193,0.08593492237973689,0.8719958094503826
