measurement,metric,label,direction,specification,dependent_variable,predictor_variable,n,selected_p,selected_q,candidate_models_fitted,bic,aic,bounds_f,pss_case,pss_k,pss_n,pss_covariance,pss_core_fixed_controls,pss_critical_value_method,pss_90_lower,pss_90_upper,pss_95_lower,pss_95_upper,pss_99_lower,pss_99_upper,pss_95_decision,ecm_coefficient,ecm_hac_se,ecm_pvalue,short_run_coefficient,short_run_hac_se,short_run_ci95_low,short_run_ci95_high,short_run_pvalue,long_run_coefficient,long_run_hac_se,long_run_ci95_low,long_run_ci95_high,long_run_pvalue,ljung_box_p_lag7,ljung_box_p_lag14,ljung_box_p_lag30,arch_lm_pvalue_lag7,jarque_bera_pvalue,cusum_pvalue,minimum_root_modulus,inference
NRC Emotion Lexicon,anger,Anger,COVID-to-climate,ECM,climate_anger_score_freq,covid_anger_score_freq,705,2,1,36,1790.4721906615139,1667.4008499855827,83.0355225377253,5,1,705,classical nonrobust,0,finite-sample Monte Carlo; nsim=100000; seed=20260816,5.5914384136604856,6.278261785461958,6.587714741611035,7.339057663328569,8.733965950084494,9.633686109641985,above_upper_bound,-0.7015781153668486,0.053538895766772086,3.8778507120123953e-35,0.14394243380332206,0.05054556044689895,0.044873135327400115,0.243011732279244,0.004535693606983502,0.1322650323026268,0.05466878370919649,0.02511421623260167,0.2394158483726519,0.015546621667837844,0.32299811702422,0.631788685956009,0.38803642935501587,1.3683361807215463e-05,2.106804535168683e-05,0.7441027377291489,2.123810736381633,exact two-sided Newey-West HAC(7) p values reported
NRC Emotion Lexicon,anger,Anger,climate-to-COVID,ECM,covid_anger_score_freq,climate_anger_score_freq,705,2,1,36,1324.313220097163,1201.2418794212317,29.458574268719236,5,1,705,classical nonrobust,0,finite-sample Monte Carlo; nsim=100000; seed=20260816,5.5914384136604856,6.278261785461958,6.587714741611035,7.339057663328569,8.733965950084494,9.633686109641985,above_upper_bound,-0.277666491141486,0.06591834196942167,2.8692018618641753e-05,0.07179279997493043,0.026854499717041652,0.019157980529528794,0.12442761942033206,0.0076891438139976955,0.16678543049312436,0.11337305871548618,-0.05542576458922854,0.38899662557547726,0.14125853275247308,0.0009601586535359552,7.66153154083203e-05,0.00010307438806698322,1.423961110234392e-08,6.108711085110504e-253,0.9934725789329545,1.3037219634352957,exact two-sided Newey-West HAC(7) p values reported
NRC Emotion Lexicon,sadness,Sadness,COVID-to-climate,ECM,climate_sadness_score_freq,covid_sadness_score_freq,705,2,1,36,1900.251987865712,1777.1806471897808,80.00071427107467,5,1,705,classical nonrobust,0,finite-sample Monte Carlo; nsim=100000; seed=20260816,5.5914384136604856,6.278261785461958,6.587714741611035,7.339057663328569,8.733965950084494,9.633686109641985,above_upper_bound,-0.6731007200047968,0.04988188086011404,6.201923417741467e-37,0.19089897403961542,0.08253771575547955,0.02912505115887551,0.3526728969203553,0.021027831875905865,0.31425706805436415,0.09917446748281664,0.11987511178804355,0.5086390243206848,0.00153106779048291,0.9119290409969458,0.974890802778097,0.8473588572350091,4.864974024206184e-05,6.8391436988554405e-12,0.853714229380163,2.15139440849991,exact two-sided Newey-West HAC(7) p values reported
NRC Emotion Lexicon,sadness,Sadness,climate-to-COVID,ECM,covid_sadness_score_freq,climate_sadness_score_freq,705,3,1,36,1145.1168622047978,1017.4873237260543,28.81280870123125,5,1,705,classical nonrobust,0,finite-sample Monte Carlo; nsim=100000; seed=20260816,5.5914384136604856,6.278261785461958,6.587714741611035,7.339057663328569,8.733965950084494,9.633686109641985,above_upper_bound,-0.26531294644649966,0.03948176533924344,3.857916537144978e-11,0.06279210802029964,0.030540128692825127,0.0029334557823623916,0.12265076025823687,0.040159753450943296,0.34856642148335176,0.10665397392518766,0.13952463258998396,0.5576082103767196,0.0010823419747386879,0.039212161799061444,0.020185467766349014,0.04088133659843798,1.9052668707153884e-07,0.0,0.8578043723222837,1.2416003239338107,exact two-sided Newey-West HAC(7) p values reported
NRC Emotion Lexicon,fear,Fear,COVID-to-climate,ECM,climate_fear_score_freq,covid_fear_score_freq,705,4,1,36,1662.2251591207284,1530.0374228391727,21.861790508038954,5,1,705,classical nonrobust,0,finite-sample Monte Carlo; nsim=100000; seed=20260816,5.5914384136604856,6.278261785461958,6.587714741611035,7.339057663328569,8.733965950084494,9.633686109641985,above_upper_bound,-0.44806297400304507,0.05630377032373077,7.375225931324346e-15,0.276586648456504,0.12996569589509077,0.02185388450212611,0.5313194124108819,0.033685132872009485,0.28943413072764507,0.14153172432729996,0.012031951046137135,0.5668363104091529,0.04085363598587213,0.9968590053348267,0.7789640737028436,0.8436052780670305,3.402357463435146e-06,9.30642536517272e-28,0.9956284957746954,1.3198352235631454,exact two-sided Newey-West HAC(7) p values reported
NRC Emotion Lexicon,fear,Fear,climate-to-COVID,ECM,covid_fear_score_freq,climate_fear_score_freq,705,2,1,36,49.36811309867407,-73.70322757725718,20.400155745345494,5,1,705,classical nonrobust,0,finite-sample Monte Carlo; nsim=100000; seed=20260816,5.5914384136604856,6.278261785461958,6.587714741611035,7.339057663328569,8.733965950084494,9.633686109641985,above_upper_bound,-0.2106671558822935,0.02820863665229043,2.505543960180885e-13,0.024528580013950713,0.011331139717234444,0.0023195461681712014,0.04673761385973023,0.030758001443428468,0.0556229435509943,0.06087216214125921,-0.06368649424587376,0.17493238134786238,0.3608395440374903,0.09437423846264381,0.028018220215461773,0.023346752820020758,1.3729689435570432e-14,0.0,0.9885106044280303,1.225655295941974,exact two-sided Newey-West HAC(7) p values reported
NRC Emotion Lexicon,disgust,Disgust,COVID-to-climate,ECM,climate_disgust_score_freq,covid_disgust_score_freq,705,1,1,36,1979.8235964617324,1861.3104535886134,201.24215296062664,5,1,705,classical nonrobust,0,finite-sample Monte Carlo; nsim=100000; seed=20260816,5.5914384136604856,6.278261785461958,6.587714741611035,7.339057663328569,8.733965950084494,9.633686109641985,above_upper_bound,-0.794848049843676,0.04541759973039804,6.774654782107497e-57,0.27021855368734066,0.08933183991656526,0.09512814745087275,0.4453089599238086,0.0025810316582823584,0.375340037206567,0.10189870822610364,0.17561856908340387,0.5750615053297301,0.00023008744122923842,0.02742092940653576,0.04092597192505854,0.16085551434721562,0.021329985163821556,9.086234638413592e-09,0.6155304808156327,4.874435749881969,exact two-sided Newey-West HAC(7) p values reported
NRC Emotion Lexicon,disgust,Disgust,climate-to-COVID,ECM,covid_disgust_score_freq,climate_disgust_score_freq,705,3,1,36,659.4134341597537,531.7838956810101,14.458249764157568,5,1,705,classical nonrobust,0,finite-sample Monte Carlo; nsim=100000; seed=20260816,5.5914384136604856,6.278261785461958,6.587714741611035,7.339057663328569,8.733965950084494,9.633686109641985,above_upper_bound,-0.24096236791181866,0.0349970985627736,1.3172708217591693e-11,0.040880910632985094,0.018005824098399053,0.0055894954001229485,0.07617232586584724,0.023494623622208458,0.149243303808087,0.06580307984234639,0.020269267317088085,0.27821734029908596,0.023327429522039228,0.4626184642240816,0.5472341224046152,0.652791366450327,0.2467738810841515,0.0,0.9768868111591867,1.1980631983109835,exact two-sided Newey-West HAC(7) p values reported
NRC Emotion Lexicon,joy,Joy,COVID-to-climate,ECM,climate_joy_score_freq,covid_joy_score_freq,705,2,1,36,2026.3896042411106,1903.3182635651794,83.03407074023373,5,1,705,classical nonrobust,0,finite-sample Monte Carlo; nsim=100000; seed=20260816,5.5914384136604856,6.278261785461958,6.587714741611035,7.339057663328569,8.733965950084494,9.633686109641985,above_upper_bound,-0.6335343534292088,0.07032556583463788,2.0893699494856292e-18,0.1848678839098007,0.15081047653736734,-0.11072065010343929,0.48045641792304067,0.2206879443094558,0.05121223517317804,0.2246970012562483,-0.3891938872890687,0.4916183576354247,0.8197108745870858,0.8927466976746973,0.950873218326246,0.7827043888618088,0.9653019153154813,7.228065067069812e-114,0.9286814172090008,2.0150329776936817,exact two-sided Newey-West HAC(7) p values reported
NRC Emotion Lexicon,joy,Joy,climate-to-COVID,ECM,covid_joy_score_freq,climate_joy_score_freq,705,3,1,36,-21.457819818717354,-149.0873582974609,4.741289879392762,5,1,705,classical nonrobust,0,finite-sample Monte Carlo; nsim=100000; seed=20260816,5.5914384136604856,6.278261785461958,6.587714741611035,7.339057663328569,8.733965950084494,9.633686109641985,below_lower_bound,-0.21556630351788972,0.028522031985557868,1.3327813742450672e-13,0.008204422795661586,0.00881249933547031,-0.009068075901860219,0.02547692149318339,0.3521857669616435,0.03471144155325725,0.052294823906501996,-0.06778641330348667,0.13720929641000115,0.5068411246090452,0.2590311024991916,0.28387911765989726,0.7122911000637132,1.0274538797217363e-07,4.9880275286211636e-05,0.9141610727436538,1.1757905018929466,exact two-sided Newey-West HAC(7) p values reported
NRC Emotion Lexicon,anticipation,Anticipation,COVID-to-climate,ECM,climate_anticipation_score_freq,covid_anticipation_score_freq,705,4,1,36,2042.5167525475915,1910.3290162660358,40.92546838307085,5,1,705,classical nonrobust,0,finite-sample Monte Carlo; nsim=100000; seed=20260816,5.5914384136604856,6.278261785461958,6.587714741611035,7.339057663328569,8.733965950084494,9.633686109641985,above_upper_bound,-0.5193801848384197,0.06546913224226593,8.853043240388818e-15,0.1872242320038947,0.10899613975683779,-0.02640820191950735,0.40085666592729674,0.08630601614309148,0.07846622445934646,0.1795270461449409,-0.27340678598473767,0.4303392349034306,0.6620592162210761,0.9052116765885411,0.959355346710029,0.79122189104773,0.0072322097631958284,2.0001148706221574e-28,0.9706528215468564,1.3520700769746723,exact two-sided Newey-West HAC(7) p values reported
NRC Emotion Lexicon,anticipation,Anticipation,climate-to-COVID,ECM,covid_anticipation_score_freq,climate_anticipation_score_freq,705,2,1,36,516.7887552091049,393.7174145331736,10.176457295094345,5,1,705,classical nonrobust,0,finite-sample Monte Carlo; nsim=100000; seed=20260816,5.5914384136604856,6.278261785461958,6.587714741611035,7.339057663328569,8.733965950084494,9.633686109641985,above_upper_bound,-0.23906796563368657,0.031004007708948296,4.458309891018735e-14,0.020485740441591627,0.013713292698280284,-0.006392313247037731,0.04736379413022099,0.13567673376856007,0.06749848948725763,0.06841249250062273,-0.06658999581396292,0.2015869747884782,0.3238192404262277,0.5325586215890099,0.7244325536123932,0.8447389243462149,1.6695992176218612e-10,6.184899027769664e-15,0.9494586297667822,1.2268402715175413,exact two-sided Newey-West HAC(7) p values reported
NRC Emotion Lexicon,trust,Trust,COVID-to-climate,ECM,climate_trust_score_freq,covid_trust_score_freq,705,4,1,36,1611.9070593206527,1479.719323039097,30.727822713503883,5,1,705,classical nonrobust,0,finite-sample Monte Carlo; nsim=100000; seed=20260816,5.5914384136604856,6.278261785461958,6.587714741611035,7.339057663328569,8.733965950084494,9.633686109641985,above_upper_bound,-0.49875512115110177,0.06342561898468738,1.4758238383483332e-14,0.1553403231014229,0.07389432858433062,0.010507439076134883,0.3001732071267109,0.03590492612662867,0.2352676895668461,0.18061319398582862,-0.11873417064537797,0.5892695497790702,0.19270957421719137,0.8525115457917897,0.536425476454611,0.4301592515248665,0.007582665813668334,2.277991682328133e-06,0.9692509970679942,1.348605785562684,exact two-sided Newey-West HAC(7) p values reported
NRC Emotion Lexicon,trust,Trust,climate-to-COVID,ECM,covid_trust_score_freq,climate_trust_score_freq,705,3,1,36,719.1813246968659,591.5517862181224,15.256620180032952,5,1,705,classical nonrobust,0,finite-sample Monte Carlo; nsim=100000; seed=20260816,5.5914384136604856,6.278261785461958,6.587714741611035,7.339057663328569,8.733965950084494,9.633686109641985,above_upper_bound,-0.3429411186111651,0.05762790688421875,4.274256814551079e-09,0.045486317582482054,0.02168431571057883,0.002985058789747544,0.08798757637521656,0.03630484374351092,0.15253442139515141,0.08728258945303369,-0.018539453932794603,0.32360829672309743,0.08053456992529814,0.17523278096061645,0.21971328431567846,0.06408533370267008,1.8261333624670808e-13,2.7822976352938633e-121,0.8117392099749987,1.3083788638028782,exact two-sided Newey-West HAC(7) p values reported
NRC Emotion Lexicon,surprise,Surprise,COVID-to-climate,ECM,climate_surprise_score_freq,covid_surprise_score_freq,705,2,1,36,1835.9450198779473,1712.873679202016,65.76851463625373,5,1,705,classical nonrobust,0,finite-sample Monte Carlo; nsim=100000; seed=20260816,5.5914384136604856,6.278261785461958,6.587714741611035,7.339057663328569,8.733965950084494,9.633686109641985,above_upper_bound,-0.6337056936681849,0.05121165647723679,7.36102561409386e-32,0.12006259172706474,0.07047655300980955,-0.018071452172161995,0.25819663562629147,0.0889167639396214,0.217879123434271,0.08861956188670736,0.04418478213632457,0.39157346473221744,0.01394840085990953,0.33511320066443534,0.7770204320077697,0.4776437972055303,0.139402449801234,3.737817521499251e-36,0.8653629705383097,1.9497842017351295,exact two-sided Newey-West HAC(7) p values reported
NRC Emotion Lexicon,surprise,Surprise,climate-to-COVID,ECM,covid_surprise_score_freq,climate_surprise_score_freq,705,2,1,36,1440.6201379249349,1317.5487972490037,30.185468584711543,5,1,705,classical nonrobust,0,finite-sample Monte Carlo; nsim=100000; seed=20260816,5.5914384136604856,6.278261785461958,6.587714741611035,7.339057663328569,8.733965950084494,9.633686109641985,above_upper_bound,-0.36432120139157376,0.05282128670770771,1.2157210978900405e-11,0.06464721990037,0.04034554699022489,-0.014430052200470778,0.1437244920012108,0.10954586662161732,0.2104327456811735,0.16381508449569882,-0.11064481993039618,0.5315103112927432,0.1989408746753102,0.021454286823626503,0.06577375432005168,0.0006558405996999238,0.9105947042072874,0.0,0.8823623140031018,1.4494032344307195,exact two-sided Newey-West HAC(7) p values reported
NRC Emotion Lexicon,negative,Negative emotion,COVID-to-climate,ECM,climate_negative_score_freq,covid_negative_score_freq,705,4,1,36,1835.2348177675929,1703.047081486037,32.12044102600589,5,1,705,classical nonrobust,0,finite-sample Monte Carlo; nsim=100000; seed=20260816,5.5914384136604856,6.278261785461958,6.587714741611035,7.339057663328569,8.733965950084494,9.633686109641985,above_upper_bound,-0.5066849689346632,0.08684574078391259,8.37228193069178e-09,0.317554258363616,0.11443038472235839,0.09327070430779355,0.5418378124194385,0.005670982483588336,0.41195757271330563,0.15657475493622589,0.10507105303830289,0.7188440923883084,0.008511901024999935,0.670543367998102,0.32278116184970657,0.1293133756291993,0.020592303030028417,0.36376878522668105,0.8966151709586442,1.3242763977613468,exact two-sided Newey-West HAC(7) p values reported
NRC Emotion Lexicon,negative,Negative emotion,climate-to-COVID,ECM,covid_negative_score_freq,climate_negative_score_freq,705,2,1,36,346.0914307102123,223.02009003428108,24.165330825461655,5,1,705,classical nonrobust,0,finite-sample Monte Carlo; nsim=100000; seed=20260816,5.5914384136604856,6.278261785461958,6.587714741611035,7.339057663328569,8.733965950084494,9.633686109641985,above_upper_bound,-0.2525189700915242,0.029642392839728287,1.0368011660471363e-16,0.03946979715396003,0.014048487950341448,0.011934760771290794,0.06700483353662927,0.005103995635269203,0.11322654888049162,0.055629996637524465,0.004191755470943678,0.22226134229003958,0.04181560484030233,0.01067323988142868,0.017278648460882937,0.05543933060629171,2.527892779572091e-12,6.70287219773998e-174,0.9395548471062474,1.249633518217799,exact two-sided Newey-West HAC(7) p values reported
NRC Emotion Lexicon,positive,Positive emotion,COVID-to-climate,ECM,climate_positive_score_freq,covid_positive_score_freq,705,4,1,36,1768.2660157880734,1636.0782795065177,27.590874918498734,5,1,705,classical nonrobust,0,finite-sample Monte Carlo; nsim=100000; seed=20260816,5.5914384136604856,6.278261785461958,6.587714741611035,7.339057663328569,8.733965950084494,9.633686109641985,above_upper_bound,-0.43742371862229895,0.05351252670762762,1.4665603259878409e-15,0.1279373353785231,0.11504623721515159,-0.09755328956317402,0.35342796032022017,0.26651076589644357,0.3317019121120612,0.2638390654491763,-0.18542265616832437,0.8488264803924468,0.20867650462592524,0.9773017509427907,0.9605749430760607,0.5196104791684679,0.3087468291092762,0.11160142804446821,0.9995704212127469,1.3208227945188373,exact two-sided Newey-West HAC(7) p values reported
NRC Emotion Lexicon,positive,Positive emotion,climate-to-COVID,ECM,covid_positive_score_freq,climate_positive_score_freq,705,2,1,36,202.23867635363524,79.167335677704,7.747536484291658,5,1,705,classical nonrobust,0,finite-sample Monte Carlo; nsim=100000; seed=20260816,5.5914384136604856,6.278261785461958,6.587714741611035,7.339057663328569,8.733965950084494,9.633686109641985,above_upper_bound,-0.2554382231852886,0.0467959141411654,6.735892345662575e-08,0.01860672730098928,0.013046280929412079,-0.006963983320658396,0.04417743792263695,0.15426753120762574,0.06270063310462494,0.058803696581654276,-0.05255461219541743,0.1779558784046673,0.2863014873005786,0.6311474940513218,0.17301393830709788,0.6294585154918153,0.0001645575726584216,5.642431961954865e-79,0.5673326029426589,1.24825561034136,exact two-sided Newey-West HAC(7) p values reported
LIWC-22,emo_anger,Anger,COVID-to-climate,ECM,climate_liwc_emo_anger_pct,covid_liwc_emo_anger_pct,705,1,1,36,2022.171133294395,1903.657990421276,246.59969878699474,5,1,705,classical nonrobust,0,finite-sample Monte Carlo; nsim=100000; seed=20260816,5.5914384136604856,6.278261785461958,6.587714741611035,7.339057663328569,8.733965950084494,9.633686109641985,above_upper_bound,-0.8785169932408126,0.03820767690375194,5.376804662845644e-87,0.1727155319875535,0.09492395514749129,-0.013335420101529438,0.3587664840766364,0.06927253375273712,0.03922915819881539,0.11443738261219563,-0.18506811172108803,0.2635264281187188,0.7317487718547744,0.8262897007271102,0.7319820455080184,0.795786033784867,0.12896062825177143,2.1626344039419227e-22,0.7063972653716808,8.231603964019941,exact two-sided Newey-West HAC(7) p values reported
LIWC-22,emo_anger,Anger,climate-to-COVID,ECM,covid_liwc_emo_anger_pct,climate_liwc_emo_anger_pct,705,4,1,36,648.4293366337953,516.2416003522394,8.126023127704132,5,1,705,classical nonrobust,0,finite-sample Monte Carlo; nsim=100000; seed=20260816,5.5914384136604856,6.278261785461958,6.587714741611035,7.339057663328569,8.733965950084494,9.633686109641985,above_upper_bound,-0.20919067468723387,0.08164236621573594,0.010613950518134808,0.023355996576556088,0.013670502931533858,-0.0034381891692502747,0.05015018232236245,0.08800275615098903,0.05622498323863904,0.08892055896003918,-0.11805931232303776,0.23050927880031583,0.5271870885287441,0.9970905300039226,0.5006835260452834,0.5857884507208451,1.604349407854385e-21,3.382657932858818e-85,0.8797302854839365,1.136002531958326,exact two-sided Newey-West HAC(7) p values reported
LIWC-22,emo_sad,Sadness,COVID-to-climate,ECM,climate_liwc_emo_sad_pct,covid_liwc_emo_sad_pct,705,1,1,36,2064.989866431034,1946.4767235579152,301.88090204843155,5,1,705,classical nonrobust,0,finite-sample Monte Carlo; nsim=100000; seed=20260816,5.5914384136604856,6.278261785461958,6.587714741611035,7.339057663328569,8.733965950084494,9.633686109641985,above_upper_bound,-1.006811829111762,0.044331045551457206,2.0725296006792073e-85,0.2080178600783643,0.1099544126480445,-0.007492788711802922,0.4235285088685315,0.058934857157035156,0.1926153332193929,0.11292946382653488,-0.028726415880615447,0.4139570823194012,0.0880778944732302,0.11639945391420568,0.1342809100165833,0.09324592350942863,0.476412885932618,1.606175388289352e-17,0.9909301281277956,146.80344788352522,exact two-sided Newey-West HAC(7) p values reported
LIWC-22,emo_sad,Sadness,climate-to-COVID,ECM,covid_liwc_emo_sad_pct,climate_liwc_emo_sad_pct,705,2,1,36,890.3905096909305,767.3191690149991,17.603679050390678,5,1,705,classical nonrobust,0,finite-sample Monte Carlo; nsim=100000; seed=20260816,5.5914384136604856,6.278261785461958,6.587714741611035,7.339057663328569,8.733965950084494,9.633686109641985,above_upper_bound,-0.5753698538250704,0.06269507222356259,5.238472211278454e-19,0.04403382225182625,0.021193618981410693,0.0024943290482612873,0.08557331545539121,0.03811291806439184,0.1142875081377189,0.04004761907174473,0.03579417475709924,0.19278084151833857,0.004320103288648757,0.36108930631179426,0.7073128768194427,0.13162114373020406,0.27735836916817186,2.373474797682048e-120,0.7450226445789672,1.8376563013212324,exact two-sided Newey-West HAC(7) p values reported
LIWC-22,emo_anx,Anxiety,COVID-to-climate,ECM,climate_liwc_emo_anx_pct,covid_liwc_emo_anx_pct,705,1,1,36,1978.1624337285805,1859.6492908554615,214.95067671310218,5,1,705,classical nonrobust,0,finite-sample Monte Carlo; nsim=100000; seed=20260816,5.5914384136604856,6.278261785461958,6.587714741611035,7.339057663328569,8.733965950084494,9.633686109641985,above_upper_bound,-0.8443526191034401,0.04295074700524519,1.80508099743877e-68,0.2897081434487697,0.1633976273448581,-0.030551206147152177,0.6099674930446917,0.07667207867087818,0.5118052659565404,0.14239278637278405,0.2327154046658837,0.7908951272471971,0.0003252396758774612,0.5123007525501041,0.24248194269571172,0.6040956863271973,0.00040912839510721634,3.509258941981023e-122,0.9948835882449019,6.424778844589649,exact two-sided Newey-West HAC(7) p values reported
LIWC-22,emo_anx,Anxiety,climate-to-COVID,ECM,covid_liwc_emo_anx_pct,climate_liwc_emo_anx_pct,705,3,1,36,75.29386309598222,-52.33567538276132,11.817227769589888,5,1,705,classical nonrobust,0,finite-sample Monte Carlo; nsim=100000; seed=20260816,5.5914384136604856,6.278261785461958,6.587714741611035,7.339057663328569,8.733965950084494,9.633686109641985,above_upper_bound,-0.2845601056333182,0.048439489227133224,6.64506592021761e-09,0.014895773775131325,0.010276775191737267,-0.0052467056006737164,0.035038253150936366,0.14767155962821243,0.07488818034246816,0.048217152076125605,-0.01961743772673802,0.16939379841167435,0.12038873686560368,0.2978391075467221,0.2050815978023849,0.24183392379557045,2.0160126083241724e-05,0.0,0.7301788047735533,1.2499735454229846,exact two-sided Newey-West HAC(7) p values reported
LIWC-22,emo_neg,Negative emotion,COVID-to-climate,ECM,climate_liwc_emo_neg_pct,covid_liwc_emo_neg_pct,705,1,1,36,2087.979152073535,1969.4660092004158,264.7851610065743,5,1,705,classical nonrobust,0,finite-sample Monte Carlo; nsim=100000; seed=20260816,5.5914384136604856,6.278261785461958,6.587714741611035,7.339057663328569,8.733965950084494,9.633686109641985,above_upper_bound,-0.9223818554156277,0.04444918669841844,1.782663480194325e-74,0.10923717366260219,0.07272813395449128,-0.0333099688882007,0.2517843162134051,0.13356303554599325,0.12913460363167975,0.062252215627360656,0.007120261002052861,0.2511489462613066,0.0380442530337573,0.5605855649188044,0.4039715977492266,0.8148560145815538,0.004617431206607303,2.8821651238875623e-16,0.9875132958948645,12.883585472891257,exact two-sided Newey-West HAC(7) p values reported
LIWC-22,emo_neg,Negative emotion,climate-to-COVID,ECM,covid_liwc_emo_neg_pct,climate_liwc_emo_neg_pct,705,3,1,36,1166.2909824823187,1038.661444003575,24.66807388695146,5,1,705,classical nonrobust,0,finite-sample Monte Carlo; nsim=100000; seed=20260816,5.5914384136604856,6.278261785461958,6.587714741611035,7.339057663328569,8.733965950084494,9.633686109641985,above_upper_bound,-0.23286042945486882,0.03881063833105508,3.213399080241949e-09,0.02618499365951489,0.0198653584155647,-0.01275110883499192,0.0651210961540217,0.18790749147602692,0.17522515825761134,0.11233279901007413,-0.044947127802133946,0.39539744431735663,0.11878935311252693,0.14354581840992964,0.10543725696774886,0.2206788898978054,2.5763910718447305e-10,3.000237875718641e-35,0.8400587377014522,1.1873297306918802,exact two-sided Newey-West HAC(7) p values reported
LIWC-22,emo_pos,Positive emotion,COVID-to-climate,ECM,climate_liwc_emo_pos_pct,covid_liwc_emo_pos_pct,705,1,1,36,2097.0689922390416,1978.5558493659225,225.47504761313874,5,1,705,classical nonrobust,0,finite-sample Monte Carlo; nsim=100000; seed=20260816,5.5914384136604856,6.278261785461958,6.587714741611035,7.339057663328569,8.733965950084494,9.633686109641985,above_upper_bound,-0.8262956321398988,0.05443850800063072,4.990910822549891e-45,0.03211022219619247,0.21720202467629093,-0.39360574616933774,0.4578261905617227,0.8825162263507196,-0.227639700985159,0.21668395181049277,-0.6523402465337249,0.19706084456340683,0.2934602781585386,0.5556407589882706,0.3914106343009806,0.4608590074824507,0.02308327931810986,2.4107672864061692e-186,0.8408327733237604,5.756907625980858,exact two-sided Newey-West HAC(7) p values reported
LIWC-22,emo_pos,Positive emotion,climate-to-COVID,ECM,covid_liwc_emo_pos_pct,climate_liwc_emo_pos_pct,705,6,1,36,317.8899785840403,176.58584669685996,3.912520916727832,5,1,705,classical nonrobust,0,finite-sample Monte Carlo; nsim=100000; seed=20260816,5.5914384136604856,6.278261785461958,6.587714741611035,7.339057663328569,8.733965950084494,9.633686109641985,below_lower_bound,-0.19751466521755276,0.039848316157477415,9.079154263372902e-07,0.002913895307729244,0.017008560638683827,-0.030422883544091055,0.036250674159549544,0.8640240216974082,-0.0018405190318360408,0.11015246803463659,-0.21773935637972375,0.21405831831605165,0.9866689015972515,0.9238667738575294,0.8180076075213059,0.5661829764956223,3.1412987596533335e-11,6.608267283393168e-78,0.9104021628666294,1.0937748864111,exact two-sided Newey-West HAC(7) p values reported
VADER,negative,Negative sentiment,COVID-to-climate,ECM,climate_vader_negative_pct,covid_vader_negative_pct,705,2,1,36,1823.6695615850977,1700.5982209091665,69.22198032633476,5,1,705,classical nonrobust,0,finite-sample Monte Carlo; nsim=100000; seed=20260816,5.5914384136604856,6.278261785461958,6.587714741611035,7.339057663328569,8.733965950084494,9.633686109641985,above_upper_bound,-0.5977758888876539,0.05739496041365216,1.147667856888759e-23,0.29418928906649167,0.09659126247135232,0.10487041462264113,0.4835081635103422,0.002411177892887214,0.27354897802288136,0.07836967667770424,0.11994441173458106,0.4271535443111817,0.0004821263253946517,0.053893665455492956,0.04208690422760215,0.13080490691826593,0.0012208126376382523,9.773256710708313e-10,0.9490441641915238,1.9054936697626947,exact two-sided Newey-West HAC(7) p values reported
VADER,negative,Negative sentiment,climate-to-COVID,ECM,covid_vader_negative_pct,climate_vader_negative_pct,705,2,1,36,580.1213159371177,457.04997526118643,19.572700880775685,5,1,705,classical nonrobust,0,finite-sample Monte Carlo; nsim=100000; seed=20260816,5.5914384136604856,6.278261785461958,6.587714741611035,7.339057663328569,8.733965950084494,9.633686109641985,above_upper_bound,-0.18075190692322754,0.041754709979282115,1.724315960465792e-05,0.050628697970154776,0.01732360468715715,0.01667443278332676,0.0845829631569828,0.0035874704934223903,0.19397557387485972,0.12186505096660333,-0.0448799260196828,0.4328310737694022,0.11144664565373598,0.11080058399682492,0.04231632946384132,0.03624423462999347,1.9191998806869988e-09,1.0893110005609053e-226,0.9735818862388058,1.187263630064956,exact two-sided Newey-West HAC(7) p values reported
VADER,positive,Positive sentiment,COVID-to-climate,ECM,climate_vader_positive_pct,covid_vader_positive_pct,705,4,1,36,1872.4521578449296,1740.2644215633738,32.328007760953504,5,1,705,classical nonrobust,0,finite-sample Monte Carlo; nsim=100000; seed=20260816,5.5914384136604856,6.278261785461958,6.587714741611035,7.339057663328569,8.733965950084494,9.633686109641985,above_upper_bound,-0.4832216782584259,0.08428490012728658,1.484945928911733e-08,0.0782212932273702,0.18672332369818861,-0.2877564212210795,0.4441990076758199,0.6754107667657445,0.07454761887461735,0.32367565123575354,-0.5598566575474596,0.7089518952966943,0.8178463784087184,0.9709129339690827,0.8751835933613631,0.8899010944805021,0.5445380166040863,0.0,0.9602029453814525,1.323667806500266,exact two-sided Newey-West HAC(7) p values reported
VADER,positive,Positive sentiment,climate-to-COVID,ECM,covid_vader_positive_pct,climate_vader_positive_pct,705,2,1,36,-236.6486049788242,-359.71994565475546,6.511849665783203,5,1,705,classical nonrobust,0,finite-sample Monte Carlo; nsim=100000; seed=20260816,5.5914384136604856,6.278261785461958,6.587714741611035,7.339057663328569,8.733965950084494,9.633686109641985,below_lower_bound,-0.2325257485329045,0.03388506211530422,1.5301055353503428e-11,0.002538205659253919,0.010674798630019898,-0.018384399655585082,0.023460810974092916,0.812126946446075,-0.0076971230545825236,0.047771451752203785,-0.10132916848890193,0.08593492237973689,0.8719958094503826,0.060993230405201236,0.02881981936473292,0.16031985782364136,2.146546202861573e-06,6.63258335681709e-21,0.80164794991222,1.2225631112400646,exact two-sided Newey-West HAC(7) p values reported
